"Id"	"Path"	"Line"	"EndLine"	"Kind"	"Function"	"Status"	"Rationale"
"F00205"	"src/PhotoReview.App/Coordinators/DuplicateCleanupController.cs"	"92"	"273"	"MethodDeclaration"	"DuplicateCleanupController.public async Task RemoveDuplicatesAsync(bool removeNumbered)"	"ISSUE"	"Callable reviewed at source HEAD 18aa6eb64ba48666de620937211e0782dd6131c1; Semantic static body review at current source; no tests/runtime/GUI/native execution."
"F00221"	"src/PhotoReview.App/Coordinators/FileActionController.cs"	"169"	"485"	"MethodDeclaration"	"FileActionController.private async Task<bool> ExecuteFileActionCoreAsync(string actionName, FileOperationType operation, string? destination, string? compareSelectedPath, string? currentPath)"	"ISSUE"	"Callable reviewed at source HEAD 18aa6eb64ba48666de620937211e0782dd6131c1; Semantic static body review at current source; no tests/runtime/GUI/native execution."
"F00306"	"src/PhotoReview.App/Coordinators/ImagePresenter.cs"	"224"	"689"	"MethodDeclaration"	"ImagePresenter.private async Task PresentCoreAsync(int index, bool allowCompare, string? pathOverride, bool includeCaptureGroupInCompare, int staleNotFoundRetries, string? originalPreviousNavigationPath)"	"ISSUE"	"APP-P01: "
"F00319"	"src/PhotoReview.App/Coordinators/ImagePresenter.cs"	"777"	"795"	"MethodDeclaration"	"ImagePresenter.private void UpdateCurrentImage(object? image, int originalWidth = 0, int originalHeight = 0, string? path = null)"	"ISSUE"	"Callable reviewed at source HEAD 18aa6eb64ba48666de620937211e0782dd6131c1; Semantic static body review at current source; no tests/runtime/GUI/native execution."
"F00420"	"src/PhotoReview.App/Input/KineticPan.cs"	"315"	"345"	"MethodDeclaration"	"GlideFrameClock.public double Advance(double renderingTimeMs, long nowTicks, DisplayTiming? timing)"	"ISSUE"	"APP-P02: P2: After Predict mode anchors, a null DisplayTiming frame advances via RenderingTime but preserves the old anchor/index. When same-period timing returns, Advance recomputes from the old anchor and advances the missing interval a second time, causing a pan jump/overshoot. DisplayTiming can be null during initialization, monitor changes, or DWM/vblank failures. Re-anchor across timing loss/recovery and add an anchored-to-null-to-same-period regression."
"F00446"	"src/PhotoReview.App/Input/PointerInputController.cs"	"219"	"227"	"MethodDeclaration"	"PointerInputController.public async Task FitWidthAsync()"	"ISSUE"	"Callable reviewed at source HEAD 18aa6eb64ba48666de620937211e0782dd6131c1; Semantic static body review at current source; no tests/runtime/GUI/native execution."
"F00447"	"src/PhotoReview.App/Input/PointerInputController.cs"	"230"	"238"	"MethodDeclaration"	"PointerInputController.public async Task FitHeightAsync()"	"ISSUE"	"Callable reviewed at source HEAD 18aa6eb64ba48666de620937211e0782dd6131c1; Semantic static body review at current source; no tests/runtime/GUI/native execution."
"F00448"	"src/PhotoReview.App/Input/PointerInputController.cs"	"247"	"261"	"MethodDeclaration"	"PointerInputController.public async Task ApplyInitialViewAsync(InitialViewMode mode, int clickZoomPercent)"	"ISSUE"	"Callable reviewed at source HEAD 18aa6eb64ba48666de620937211e0782dd6131c1; Semantic static body review at current source; no tests/runtime/GUI/native execution."
"F01068"	"src/PhotoReview.App/ViewModels/MainViewModel.cs"	"366"	"415"	"MethodDeclaration"	"MainViewModel.private async Task<long?> OpenFolderCoreAsync(string folder, string? initialPath, long? requiredEpoch)"	"ISSUE"	"R14;D-03: "
"F01077"	"src/PhotoReview.App/ViewModels/MainViewModel.cs"	"546"	"554"	"MethodDeclaration"	"MainViewModel.public Task RunActionAsync(int index)"	"ISSUE"	"Callable reviewed at source HEAD 18aa6eb64ba48666de620937211e0782dd6131c1; Semantic static body review at current source; no tests/runtime/GUI/native execution."
"F01080"	"src/PhotoReview.App/ViewModels/MainViewModel.cs"	"578"	"586"	"MethodDeclaration"	"MainViewModel.public Task RecycleAsync()"	"ISSUE"	"Callable reviewed at source HEAD 18aa6eb64ba48666de620937211e0782dd6131c1; Semantic static body review at current source; no tests/runtime/GUI/native execution."
"F01086"	"src/PhotoReview.App/ViewModels/MainViewModel.cs"	"620"	"641"	"MethodDeclaration"	"MainViewModel.private async Task UndoCoreAsync()"	"ISSUE"	"Callable reviewed at source HEAD 18aa6eb64ba48666de620937211e0782dd6131c1; Semantic static body review at current source; no tests/runtime/GUI/native execution."
"F01145"	"src/PhotoReview.App/ViewModels/MainViewModel.cs"	"1223"	"1228"	"MethodDeclaration"	"MainViewModel.async Task<bool> IDuplicateCleanupSink.ReloadFolderAsync(string folder)"	"ISSUE"	"R14;D-03: "
"F01148"	"src/PhotoReview.App/ViewModels/MainViewModel.cs"	"1242"	"1250"	"MethodDeclaration"	"MainViewModel.private Task<bool> MoveOrCopyToFolderAsync(FileOperationType operation, bool forcePicker)"	"ISSUE"	"Callable reviewed at source HEAD 18aa6eb64ba48666de620937211e0782dd6131c1; Semantic static body review at current source; no tests/runtime/GUI/native execution."
"F01263"	"src/PhotoReview.Benchmarking/BenchmarkMetrics.cs"	"14"	"53"	"MethodDeclaration"	"BenchmarkMetrics.public static ReviewMetricsSnapshot Since(ReviewMetricsSnapshot current, ReviewMetricsSnapshot baseline)"	"ISSUE"	"STATIC-ONLY: reviewed current-source body and relevant caller contract at 18aa6eb6; no additional actionable defect established. Any validation evidence remains static; no tests/build/runtime run."
"F01312"	"src/PhotoReview.Benchmarking/BenchmarkWorkloadRunner.cs"	"53"	"113"	"MethodDeclaration"	"BenchmarkWorkloadRunner.public static async Task<Func<Task<(bool Correct, ReviewMetricsSnapshot? Metrics)>>> PrepareIterationAsync( BenchmarkImageExecutor executor, string[] files, BenchmarkProfile profile, BenchmarkWorkload workload, int iteration, Random random, IRecycleBin recycleBin, CancellationToken ct)"	"ISSUE"	"STATIC-ONLY: reviewed current-source body and relevant caller contract at 18aa6eb6; no additional actionable defect established. Any validation evidence remains static; no tests/build/runtime run."
"F01324"	"src/PhotoReview.Benchmarking/BenchmarkWorkloadRunner.cs"	"226"	"230"	"MethodDeclaration"	"BenchmarkWorkloadRunner.internal static int[] SelectParallelIndices(int fileCount, BenchmarkProfile profile, BenchmarkWorkload workload, int iteration, Random random)"	"ISSUE"	"STATIC-ONLY: reviewed current-source body and relevant caller contract at 18aa6eb6; no additional actionable defect established. Any validation evidence remains static; no tests/build/runtime run."
"F01326"	"src/PhotoReview.Benchmarking/BenchmarkWorkloadRunner.cs"	"232"	"233"	"MethodDeclaration"	"BenchmarkWorkloadRunner.private static string SelectFile(string[] files, BenchmarkWorkload workload, int iteration, Random random)"	"ISSUE"	"STATIC-ONLY: reviewed current-source body and relevant caller contract at 18aa6eb6; no additional actionable defect established. Any validation evidence remains static; no tests/build/runtime run."
"F01375"	"src/PhotoReview.Core/Abstractions/IDisplayClock.cs"	"61"	"91"	"MethodDeclaration"	"VBlankEstimator.private DisplayTiming? Compute()"	"ISSUE"	"Semantic static review at exact source 18aa6eb64ba48666de620937211e0782dd6131c1. Reviewed parser/version ordering, vblank sample window/rate-change handling, dispatcher outermost timing lifecycle, process counters P/Invoke failure fallback, and EventListener lock/snapshot/CSV emission. No additional source issue found; no tests/runtime/native execution."
"F01440"	"src/PhotoReview.Core/Catalog/ComparePairService.cs"	"42"	"90"	"MethodDeclaration"	"ComparePairService.public static Dictionary<string, (string Left, string Right)> BuildIndex(IEnumerable<string> files)"	"ISSUE"	"STATIC-ONLY: current body reviewed at 18aa6eb6; Windows path/case semantics, collision/ambiguity behavior, ordering consistency, null/error and concurrency contracts traced; no additional actionable issue established. No tests/build/runtime run."
"F01544"	"src/PhotoReview.Core/Catalog/SiblingFolderService.cs"	"7"	"23"	"MethodDeclaration"	"SiblingFolderService.public static IReadOnlyList<string> GetSorted(string currentFolder, ILog? log = null)"	"ISSUE"	"STATIC-ONLY: current body reviewed at 18aa6eb6; Windows path/case semantics, collision/ambiguity behavior, ordering consistency, null/error and concurrency contracts traced; no additional actionable issue established. No tests/build/runtime run."
"F01675"	"src/PhotoReview.Core/FileActions/ActionDestinationPolicy.cs"	"63"	"89"	"MethodDeclaration"	"ActionDestinationPolicy.public static ActionDestinationCheck ValidateNoEscapeViaReparsePoint( string sourceFolder, string destinationFolderOrPath, IFileSystem fileSystem)"	"ISSUE"	"REVIEW-UNNUMBERED: R32 candidate: TrimEndingDirectorySeparator preserves canonical root; line 86 appends another separator, so an inside destination is rejected when physical ResolveRealPath returns C:\ or a UNC share root. Use normalized containment/relative path."
"F01696"	"src/PhotoReview.Core/FileActions/FileActionService.cs"	"61"	"273"	"MethodDeclaration"	"FileActionService.public async Task<CaptureGroupActionResult> ExecuteGroupAsync( CaptureGroupActionRequest request, CancellationToken cancellationToken = default)"	"ISSUE"	"REVIEW-UNNUMBERED: R01 surviving residual: completed-group cleanup checks only destination length before Delete; single cleanup checks only length < source after proof. A foreign replacement after successful copy can be deleted. Tests cover pre-create/in-flight foreign arrivals and partials, but not replacement after successful proof/completion. Retain and revalidate a stable destination identity through cleanup. R26 also survives: size-aware preflight can stale before SendToRecycleBin; Windows backstop receives null size and returns Fits (see WindowsRecycleBin.cs:45-53; RecycleBinCapacity.cs:102). R32: relative destination containment also rejects a source whose real folder is a drive/UNC root (ActionDestinationPolicy.cs:73-87; see root-returning resolver)."
"F01697"	"src/PhotoReview.Core/FileActions/FileActionService.cs"	"149"	"149"	"SimpleLambdaExpression"	"FileActionService.lambda in ExecuteGroupAsync"	"ISSUE"	"REVIEW-UNNUMBERED: R01 surviving residual: completed-group cleanup checks only destination length before Delete; single cleanup checks only length < source after proof. A foreign replacement after successful copy can be deleted. Tests cover pre-create/in-flight foreign arrivals and partials, but not replacement after successful proof/completion. Retain and revalidate a stable destination identity through cleanup. R26 also survives: size-aware preflight can stale before SendToRecycleBin; Windows backstop receives null size and returns Fits (see WindowsRecycleBin.cs:45-53; RecycleBinCapacity.cs:102). R32: relative destination containment also rejects a source whose real folder is a drive/UNC root (ActionDestinationPolicy.cs:73-87; see root-returning resolver)."
"F01699"	"src/PhotoReview.Core/FileActions/FileActionService.cs"	"169"	"169"	"SimpleLambdaExpression"	"FileActionService.lambda in ExecuteGroupAsync"	"ISSUE"	"REVIEW-UNNUMBERED: R01 surviving residual: completed-group cleanup checks only destination length before Delete; single cleanup checks only length < source after proof. A foreign replacement after successful copy can be deleted. Tests cover pre-create/in-flight foreign arrivals and partials, but not replacement after successful proof/completion. Retain and revalidate a stable destination identity through cleanup. R26 also survives: size-aware preflight can stale before SendToRecycleBin; Windows backstop receives null size and returns Fits (see WindowsRecycleBin.cs:45-53; RecycleBinCapacity.cs:102). R32: relative destination containment also rejects a source whose real folder is a drive/UNC root (ActionDestinationPolicy.cs:73-87; see root-returning resolver)."
"F01700"	"src/PhotoReview.Core/FileActions/FileActionService.cs"	"185"	"185"	"ParenthesizedLambdaExpression"	"FileActionService.lambda in ExecuteGroupAsync"	"ISSUE"	"REVIEW-UNNUMBERED: R01 surviving residual: completed-group cleanup checks only destination length before Delete; single cleanup checks only length < source after proof. A foreign replacement after successful copy can be deleted. Tests cover pre-create/in-flight foreign arrivals and partials, but not replacement after successful proof/completion. Retain and revalidate a stable destination identity through cleanup. R26 also survives: size-aware preflight can stale before SendToRecycleBin; Windows backstop receives null size and returns Fits (see WindowsRecycleBin.cs:45-53; RecycleBinCapacity.cs:102). R32: relative destination containment also rejects a source whose real folder is a drive/UNC root (ActionDestinationPolicy.cs:73-87; see root-returning resolver)."
"F01701"	"src/PhotoReview.Core/FileActions/FileActionService.cs"	"199"	"199"	"ParenthesizedLambdaExpression"	"FileActionService.lambda in ExecuteGroupAsync"	"ISSUE"	"REVIEW-UNNUMBERED: R01 surviving residual: completed-group cleanup checks only destination length before Delete; single cleanup checks only length < source after proof. A foreign replacement after successful copy can be deleted. Tests cover pre-create/in-flight foreign arrivals and partials, but not replacement after successful proof/completion. Retain and revalidate a stable destination identity through cleanup. R26 also survives: size-aware preflight can stale before SendToRecycleBin; Windows backstop receives null size and returns Fits (see WindowsRecycleBin.cs:45-53; RecycleBinCapacity.cs:102). R32: relative destination containment also rejects a source whose real folder is a drive/UNC root (ActionDestinationPolicy.cs:73-87; see root-returning resolver)."
"F01702"	"src/PhotoReview.Core/FileActions/FileActionService.cs"	"204"	"204"	"ParenthesizedLambdaExpression"	"FileActionService.lambda in ExecuteGroupAsync"	"ISSUE"	"REVIEW-UNNUMBERED: R01 surviving residual: completed-group cleanup checks only destination length before Delete; single cleanup checks only length < source after proof. A foreign replacement after successful copy can be deleted. Tests cover pre-create/in-flight foreign arrivals and partials, but not replacement after successful proof/completion. Retain and revalidate a stable destination identity through cleanup. R26 also survives: size-aware preflight can stale before SendToRecycleBin; Windows backstop receives null size and returns Fits (see WindowsRecycleBin.cs:45-53; RecycleBinCapacity.cs:102). R32: relative destination containment also rejects a source whose real folder is a drive/UNC root (ActionDestinationPolicy.cs:73-87; see root-returning resolver)."
"F01703"	"src/PhotoReview.Core/FileActions/FileActionService.cs"	"209"	"209"	"ParenthesizedLambdaExpression"	"FileActionService.lambda in ExecuteGroupAsync"	"ISSUE"	"REVIEW-UNNUMBERED: R01 surviving residual: completed-group cleanup checks only destination length before Delete; single cleanup checks only length < source after proof. A foreign replacement after successful copy can be deleted. Tests cover pre-create/in-flight foreign arrivals and partials, but not replacement after successful proof/completion. Retain and revalidate a stable destination identity through cleanup. R26 also survives: size-aware preflight can stale before SendToRecycleBin; Windows backstop receives null size and returns Fits (see WindowsRecycleBin.cs:45-53; RecycleBinCapacity.cs:102). R32: relative destination containment also rejects a source whose real folder is a drive/UNC root (ActionDestinationPolicy.cs:73-87; see root-returning resolver)."
"F01704"	"src/PhotoReview.Core/FileActions/FileActionService.cs"	"218"	"218"	"SimpleLambdaExpression"	"FileActionService.lambda in ExecuteGroupAsync"	"ISSUE"	"REVIEW-UNNUMBERED: R01 surviving residual: completed-group cleanup checks only destination length before Delete; single cleanup checks only length < source after proof. A foreign replacement after successful copy can be deleted. Tests cover pre-create/in-flight foreign arrivals and partials, but not replacement after successful proof/completion. Retain and revalidate a stable destination identity through cleanup. R26 also survives: size-aware preflight can stale before SendToRecycleBin; Windows backstop receives null size and returns Fits (see WindowsRecycleBin.cs:45-53; RecycleBinCapacity.cs:102). R32: relative destination containment also rejects a source whose real folder is a drive/UNC root (ActionDestinationPolicy.cs:73-87; see root-returning resolver)."
"F01705"	"src/PhotoReview.Core/FileActions/FileActionService.cs"	"221"	"221"	"SimpleLambdaExpression"	"FileActionService.lambda in ExecuteGroupAsync"	"ISSUE"	"REVIEW-UNNUMBERED: R01 surviving residual: completed-group cleanup checks only destination length before Delete; single cleanup checks only length < source after proof. A foreign replacement after successful copy can be deleted. Tests cover pre-create/in-flight foreign arrivals and partials, but not replacement after successful proof/completion. Retain and revalidate a stable destination identity through cleanup. R26 also survives: size-aware preflight can stale before SendToRecycleBin; Windows backstop receives null size and returns Fits (see WindowsRecycleBin.cs:45-53; RecycleBinCapacity.cs:102). R32: relative destination containment also rejects a source whose real folder is a drive/UNC root (ActionDestinationPolicy.cs:73-87; see root-returning resolver)."
"F01706"	"src/PhotoReview.Core/FileActions/FileActionService.cs"	"232"	"234"	"ParenthesizedLambdaExpression"	"FileActionService.lambda in ExecuteGroupAsync"	"ISSUE"	"REVIEW-UNNUMBERED: R01 surviving residual: completed-group cleanup checks only destination length before Delete; single cleanup checks only length < source after proof. A foreign replacement after successful copy can be deleted. Tests cover pre-create/in-flight foreign arrivals and partials, but not replacement after successful proof/completion. Retain and revalidate a stable destination identity through cleanup. R26 also survives: size-aware preflight can stale before SendToRecycleBin; Windows backstop receives null size and returns Fits (see WindowsRecycleBin.cs:45-53; RecycleBinCapacity.cs:102). R32: relative destination containment also rejects a source whose real folder is a drive/UNC root (ActionDestinationPolicy.cs:73-87; see root-returning resolver)."
"F01707"	"src/PhotoReview.Core/FileActions/FileActionService.cs"	"237"	"237"	"SimpleLambdaExpression"	"FileActionService.lambda in ExecuteGroupAsync"	"ISSUE"	"REVIEW-UNNUMBERED: R01 surviving residual: completed-group cleanup checks only destination length before Delete; single cleanup checks only length < source after proof. A foreign replacement after successful copy can be deleted. Tests cover pre-create/in-flight foreign arrivals and partials, but not replacement after successful proof/completion. Retain and revalidate a stable destination identity through cleanup. R26 also survives: size-aware preflight can stale before SendToRecycleBin; Windows backstop receives null size and returns Fits (see WindowsRecycleBin.cs:45-53; RecycleBinCapacity.cs:102). R32: relative destination containment also rejects a source whose real folder is a drive/UNC root (ActionDestinationPolicy.cs:73-87; see root-returning resolver)."
"F01708"	"src/PhotoReview.Core/FileActions/FileActionService.cs"	"247"	"247"	"SimpleLambdaExpression"	"FileActionService.lambda in ExecuteGroupAsync"	"ISSUE"	"REVIEW-UNNUMBERED: R01 surviving residual: completed-group cleanup checks only destination length before Delete; single cleanup checks only length < source after proof. A foreign replacement after successful copy can be deleted. Tests cover pre-create/in-flight foreign arrivals and partials, but not replacement after successful proof/completion. Retain and revalidate a stable destination identity through cleanup. R26 also survives: size-aware preflight can stale before SendToRecycleBin; Windows backstop receives null size and returns Fits (see WindowsRecycleBin.cs:45-53; RecycleBinCapacity.cs:102). R32: relative destination containment also rejects a source whose real folder is a drive/UNC root (ActionDestinationPolicy.cs:73-87; see root-returning resolver)."
"F01709"	"src/PhotoReview.Core/FileActions/FileActionService.cs"	"253"	"253"	"SimpleLambdaExpression"	"FileActionService.lambda in ExecuteGroupAsync"	"ISSUE"	"REVIEW-UNNUMBERED: R01 surviving residual: completed-group cleanup checks only destination length before Delete; single cleanup checks only length < source after proof. A foreign replacement after successful copy can be deleted. Tests cover pre-create/in-flight foreign arrivals and partials, but not replacement after successful proof/completion. Retain and revalidate a stable destination identity through cleanup. R26 also survives: size-aware preflight can stale before SendToRecycleBin; Windows backstop receives null size and returns Fits (see WindowsRecycleBin.cs:45-53; RecycleBinCapacity.cs:102). R32: relative destination containment also rejects a source whose real folder is a drive/UNC root (ActionDestinationPolicy.cs:73-87; see root-returning resolver)."
"F01710"	"src/PhotoReview.Core/FileActions/FileActionService.cs"	"261"	"261"	"SimpleLambdaExpression"	"FileActionService.lambda in ExecuteGroupAsync"	"ISSUE"	"REVIEW-UNNUMBERED: R01 surviving residual: completed-group cleanup checks only destination length before Delete; single cleanup checks only length < source after proof. A foreign replacement after successful copy can be deleted. Tests cover pre-create/in-flight foreign arrivals and partials, but not replacement after successful proof/completion. Retain and revalidate a stable destination identity through cleanup. R26 also survives: size-aware preflight can stale before SendToRecycleBin; Windows backstop receives null size and returns Fits (see WindowsRecycleBin.cs:45-53; RecycleBinCapacity.cs:102). R32: relative destination containment also rejects a source whose real folder is a drive/UNC root (ActionDestinationPolicy.cs:73-87; see root-returning resolver)."
"F01711"	"src/PhotoReview.Core/FileActions/FileActionService.cs"	"283"	"323"	"MethodDeclaration"	"FileActionService.private int RemoveCreatedCopies(IReadOnlyList<JournalGroupMember> done, JournalGroupMember? inFlight, bool inFlightDestinationIsOurs)"	"ISSUE"	"REVIEW-UNNUMBERED: R01 surviving residual: completed-group cleanup checks only destination length before Delete; single cleanup checks only length < source after proof. A foreign replacement after successful copy can be deleted. Tests cover pre-create/in-flight foreign arrivals and partials, but not replacement after successful proof/completion. Retain and revalidate a stable destination identity through cleanup."
"F01713"	"src/PhotoReview.Core/FileActions/FileActionService.cs"	"376"	"381"	"MethodDeclaration"	"FileActionService.private void VerifyGroupDestination(JournalGroupMember member)"	"ISSUE"	"REVIEW-UNNUMBERED: R01 surviving residual: completed-group cleanup checks only destination length before Delete; single cleanup checks only length < source after proof. A foreign replacement after successful copy can be deleted. Tests cover pre-create/in-flight foreign arrivals and partials, but not replacement after successful proof/completion. Retain and revalidate a stable destination identity through cleanup."
"F01716"	"src/PhotoReview.Core/FileActions/FileActionService.cs"	"424"	"659"	"MethodDeclaration"	"FileActionService.public async Task<FileActionResult> ExecuteAsync(FileActionRequest request, CancellationToken cancellationToken = default)"	"ISSUE"	"REVIEW-UNNUMBERED: R01 surviving residual: completed-group cleanup checks only destination length before Delete; single cleanup checks only length < source after proof. A foreign replacement after successful copy can be deleted. Tests cover pre-create/in-flight foreign arrivals and partials, but not replacement after successful proof/completion. Retain and revalidate a stable destination identity through cleanup. R26 also survives: size-aware preflight can stale before SendToRecycleBin; Windows backstop receives null size and returns Fits (see WindowsRecycleBin.cs:45-53; RecycleBinCapacity.cs:102). R32: relative destination containment also rejects a source whose real folder is a drive/UNC root (ActionDestinationPolicy.cs:73-87; see root-returning resolver)."
"F01717"	"src/PhotoReview.Core/FileActions/FileActionService.cs"	"517"	"517"	"ParenthesizedLambdaExpression"	"FileActionService.lambda in ExecuteAsync"	"ISSUE"	"REVIEW-UNNUMBERED: R01 surviving residual: completed-group cleanup checks only destination length before Delete; single cleanup checks only length < source after proof. A foreign replacement after successful copy can be deleted. Tests cover pre-create/in-flight foreign arrivals and partials, but not replacement after successful proof/completion. Retain and revalidate a stable destination identity through cleanup. R26 also survives: size-aware preflight can stale before SendToRecycleBin; Windows backstop receives null size and returns Fits (see WindowsRecycleBin.cs:45-53; RecycleBinCapacity.cs:102). R32: relative destination containment also rejects a source whose real folder is a drive/UNC root (ActionDestinationPolicy.cs:73-87; see root-returning resolver)."
"F01718"	"src/PhotoReview.Core/FileActions/FileActionService.cs"	"530"	"530"	"ParenthesizedLambdaExpression"	"FileActionService.lambda in ExecuteAsync"	"ISSUE"	"REVIEW-UNNUMBERED: R01 surviving residual: completed-group cleanup checks only destination length before Delete; single cleanup checks only length < source after proof. A foreign replacement after successful copy can be deleted. Tests cover pre-create/in-flight foreign arrivals and partials, but not replacement after successful proof/completion. Retain and revalidate a stable destination identity through cleanup. R26 also survives: size-aware preflight can stale before SendToRecycleBin; Windows backstop receives null size and returns Fits (see WindowsRecycleBin.cs:45-53; RecycleBinCapacity.cs:102). R32: relative destination containment also rejects a source whose real folder is a drive/UNC root (ActionDestinationPolicy.cs:73-87; see root-returning resolver)."
"F01719"	"src/PhotoReview.Core/FileActions/FileActionService.cs"	"592"	"592"	"ParenthesizedLambdaExpression"	"FileActionService.lambda in ExecuteAsync"	"ISSUE"	"REVIEW-UNNUMBERED: R01 surviving residual: completed-group cleanup checks only destination length before Delete; single cleanup checks only length < source after proof. A foreign replacement after successful copy can be deleted. Tests cover pre-create/in-flight foreign arrivals and partials, but not replacement after successful proof/completion. Retain and revalidate a stable destination identity through cleanup. R26 also survives: size-aware preflight can stale before SendToRecycleBin; Windows backstop receives null size and returns Fits (see WindowsRecycleBin.cs:45-53; RecycleBinCapacity.cs:102). R32: relative destination containment also rejects a source whose real folder is a drive/UNC root (ActionDestinationPolicy.cs:73-87; see root-returning resolver)."
"F01720"	"src/PhotoReview.Core/FileActions/FileActionService.cs"	"594"	"594"	"ParenthesizedLambdaExpression"	"FileActionService.lambda in ExecuteAsync"	"ISSUE"	"REVIEW-UNNUMBERED: R01 surviving residual: completed-group cleanup checks only destination length before Delete; single cleanup checks only length < source after proof. A foreign replacement after successful copy can be deleted. Tests cover pre-create/in-flight foreign arrivals and partials, but not replacement after successful proof/completion. Retain and revalidate a stable destination identity through cleanup. R26 also survives: size-aware preflight can stale before SendToRecycleBin; Windows backstop receives null size and returns Fits (see WindowsRecycleBin.cs:45-53; RecycleBinCapacity.cs:102). R32: relative destination containment also rejects a source whose real folder is a drive/UNC root (ActionDestinationPolicy.cs:73-87; see root-returning resolver)."
"F01721"	"src/PhotoReview.Core/FileActions/FileActionService.cs"	"666"	"667"	"MethodDeclaration"	"FileActionService.private void RemovePartialCopy(string destination, long sourceSize)"	"ISSUE"	"REVIEW-UNNUMBERED: R01 surviving residual: completed-group cleanup checks only destination length before Delete; single cleanup checks only length < source after proof. A foreign replacement after successful copy can be deleted. Tests cover pre-create/in-flight foreign arrivals and partials, but not replacement after successful proof/completion. Retain and revalidate a stable destination identity through cleanup."
"F01798"	"src/PhotoReview.Core/FileActions/OperationJournal.cs"	"467"	"488"	"MethodDeclaration"	"OperationJournal.public IReadOnlyList<JournalEntry> ReconcilePendingOperations(DateTime? preparedBeforeUtc = null)"	"ISSUE"	"REVIEW-UNNUMBERED: R15 existing: undo-Recycle group reconcile treats any existing original-path file as restored; a foreign/wrong-size/time replacement can be recorded Committed. Require the expected restored-file identity (at least size/write-time) and test foreign replacement."
"F01799"	"src/PhotoReview.Core/FileActions/OperationJournal.cs"	"473"	"473"	"SimpleLambdaExpression"	"OperationJournal.lambda in ReconcilePendingOperations"	"ISSUE"	"REVIEW-UNNUMBERED: R15 existing: undo-Recycle group reconcile treats any existing original-path file as restored; a foreign/wrong-size/time replacement can be recorded Committed. Require the expected restored-file identity (at least size/write-time) and test foreign replacement."
"F01800"	"src/PhotoReview.Core/FileActions/OperationJournal.cs"	"490"	"520"	"MethodDeclaration"	"OperationJournal.private void ReconcileOne(JournalEntry pending, List<JournalEntry> reconciled)"	"ISSUE"	"REVIEW-UNNUMBERED: R15 existing: undo-Recycle group reconcile treats any existing original-path file as restored; a foreign/wrong-size/time replacement can be recorded Committed. Require the expected restored-file identity (at least size/write-time) and test foreign replacement."
"F01801"	"src/PhotoReview.Core/FileActions/OperationJournal.cs"	"495"	"495"	"SimpleLambdaExpression"	"OperationJournal.lambda in ReconcileOne"	"ISSUE"	"REVIEW-UNNUMBERED: R15 existing: undo-Recycle group reconcile treats any existing original-path file as restored; a foreign/wrong-size/time replacement can be recorded Committed. Require the expected restored-file identity (at least size/write-time) and test foreign replacement."
"F01802"	"src/PhotoReview.Core/FileActions/OperationJournal.cs"	"498"	"498"	"ParenthesizedLambdaExpression"	"OperationJournal.lambda in ReconcileOne"	"ISSUE"	"REVIEW-UNNUMBERED: R15 existing: undo-Recycle group reconcile treats any existing original-path file as restored; a foreign/wrong-size/time replacement can be recorded Committed. Require the expected restored-file identity (at least size/write-time) and test foreign replacement."
"F01803"	"src/PhotoReview.Core/FileActions/OperationJournal.cs"	"504"	"504"	"ParenthesizedLambdaExpression"	"OperationJournal.lambda in ReconcileOne"	"ISSUE"	"REVIEW-UNNUMBERED: R15 existing: undo-Recycle group reconcile treats any existing original-path file as restored; a foreign/wrong-size/time replacement can be recorded Committed. Require the expected restored-file identity (at least size/write-time) and test foreign replacement."
"F01804"	"src/PhotoReview.Core/FileActions/OperationJournal.cs"	"518"	"518"	"ParenthesizedLambdaExpression"	"OperationJournal.lambda in ReconcileOne"	"ISSUE"	"REVIEW-UNNUMBERED: R15 existing: undo-Recycle group reconcile treats any existing original-path file as restored; a foreign/wrong-size/time replacement can be recorded Committed. Require the expected restored-file identity (at least size/write-time) and test foreign replacement."
"F01806"	"src/PhotoReview.Core/FileActions/OperationJournal.cs"	"553"	"577"	"LocalFunctionStatement"	"OperationJournal.RepairOne(string id)"	"ISSUE"	"REVIEW-UNNUMBERED: R15 existing: undo-Recycle group reconcile treats any existing original-path file as restored; a foreign/wrong-size/time replacement can be recorded Committed. Require the expected restored-file identity (at least size/write-time) and test foreign replacement."
"F01807"	"src/PhotoReview.Core/FileActions/OperationJournal.cs"	"566"	"566"	"SimpleLambdaExpression"	"OperationJournal.lambda in RepairGroupLinesSettledByOlderBuild"	"ISSUE"	"REVIEW-UNNUMBERED: R15 existing: callback participates in undo-Recycle group reconciliation that accepts path existence without expected restored-file identity."
"F01808"	"src/PhotoReview.Core/FileActions/OperationJournal.cs"	"574"	"574"	"ParenthesizedLambdaExpression"	"OperationJournal.lambda in RepairGroupLinesSettledByOlderBuild"	"ISSUE"	"REVIEW-UNNUMBERED: R15 existing: callback participates in undo-Recycle group reconciliation that accepts path existence without expected restored-file identity."
"F01812"	"src/PhotoReview.Core/FileActions/OperationJournal.cs"	"614"	"634"	"MethodDeclaration"	"OperationJournal.private bool IsGroupMemberCompleted(JournalEntry group, JournalGroupMember member)"	"ISSUE"	"REVIEW-UNNUMBERED: R15 existing: undo-Recycle group reconcile treats any existing original-path file as restored; a foreign/wrong-size/time replacement can be recorded Committed. Require the expected restored-file identity (at least size/write-time) and test foreign replacement."
"F01825"	"src/PhotoReview.Core/FileActions/PartialDestinationCleanup.cs"	"17"	"28"	"MethodDeclaration"	"PartialDestinationCleanup.public static void RemoveIfPartial(IFileSystem fileSystem, string destination, long sourceSize)"	"ISSUE"	"REVIEW-UNNUMBERED: R01 surviving residual: CopyCreationProof is a boolean not bound to a file identity; this helper deletes any current destination with length < sourceSize. A shorter foreign replacement after proof is deleted. Retain/revalidate stable file identity before Delete; no deterministic replacement test."
"F01848"	"src/PhotoReview.Core/FileActions/RecoveryRetryService.cs"	"55"	"71"	"MethodDeclaration"	"RecoveryRetryService.public async Task<RecoveryRetryResult> RetryMoveOrCopyAsync(JournalEntry failed, bool confirmedFinishCancelled = false, CancellationToken ct = default)"	"ISSUE"	"REVIEW-UNNUMBERED: R01 surviving residual: retry uses boolean CopyCreationProof then size-only PartialDestinationCleanup; a shorter foreign replacement after creation can be deleted. Repro via fake replacing destination after successful TryCopyNew/proof then throwing or failing later. Retain/revalidate stable identity and add fake race test."
"F01849"	"src/PhotoReview.Core/FileActions/RecoveryRetryService.cs"	"73"	"116"	"MethodDeclaration"	"RecoveryRetryService.private async Task<RecoveryRetryResult> RetryCoreAsync(JournalEntry failed, bool confirmedFinishCancelled, CancellationToken ct)"	"ISSUE"	"REVIEW-UNNUMBERED: R01 surviving residual: retry uses boolean CopyCreationProof then size-only PartialDestinationCleanup; a shorter foreign replacement after creation can be deleted. Repro via fake replacing destination after successful TryCopyNew/proof then throwing or failing later. Retain/revalidate stable identity and add fake race test."
"F01850"	"src/PhotoReview.Core/FileActions/RecoveryRetryService.cs"	"115"	"115"	"ParenthesizedLambdaExpression"	"RecoveryRetryService.lambda in RetryCoreAsync"	"ISSUE"	"REVIEW-UNNUMBERED: R01 surviving residual: retry uses boolean CopyCreationProof then size-only PartialDestinationCleanup; a shorter foreign replacement after creation can be deleted. Repro via fake replacing destination after successful TryCopyNew/proof then throwing or failing later. Retain/revalidate stable identity and add fake race test."
"F01851"	"src/PhotoReview.Core/FileActions/RecoveryRetryService.cs"	"118"	"194"	"MethodDeclaration"	"RecoveryRetryService.private async Task<RecoveryRetryResult> RetryGroupAsync(JournalEntry failed, CancellationToken ct)"	"ISSUE"	"REVIEW-UNNUMBERED: R01 surviving residual: retry uses boolean CopyCreationProof then size-only PartialDestinationCleanup; a shorter foreign replacement after creation can be deleted. Repro via fake replacing destination after successful TryCopyNew/proof then throwing or failing later. Retain/revalidate stable identity and add fake race test. R26 also covers Recycle retry: `RetryGroupAsync` does total-size preflight, `ExecuteGroupRetry` later calls SendToRecycleBin without re-statting; size growth can make backstop miss TooLarge."
"F01852"	"src/PhotoReview.Core/FileActions/RecoveryRetryService.cs"	"138"	"142"	"SimpleLambdaExpression"	"RecoveryRetryService.lambda in RetryGroupAsync"	"ISSUE"	"REVIEW-UNNUMBERED: R01 surviving residual: retry uses boolean CopyCreationProof then size-only PartialDestinationCleanup; a shorter foreign replacement after creation can be deleted. Repro via fake replacing destination after successful TryCopyNew/proof then throwing or failing later. Retain/revalidate stable identity and add fake race test. R26 also covers Recycle retry: `RetryGroupAsync` does total-size preflight, `ExecuteGroupRetry` later calls SendToRecycleBin without re-statting; size growth can make backstop miss TooLarge."
"F01853"	"src/PhotoReview.Core/FileActions/RecoveryRetryService.cs"	"148"	"148"	"SimpleLambdaExpression"	"RecoveryRetryService.lambda in RetryGroupAsync"	"ISSUE"	"REVIEW-UNNUMBERED: R01 surviving residual: retry uses boolean CopyCreationProof then size-only PartialDestinationCleanup; a shorter foreign replacement after creation can be deleted. Repro via fake replacing destination after successful TryCopyNew/proof then throwing or failing later. Retain/revalidate stable identity and add fake race test. R26 also covers Recycle retry: `RetryGroupAsync` does total-size preflight, `ExecuteGroupRetry` later calls SendToRecycleBin without re-statting; size growth can make backstop miss TooLarge."
"F01854"	"src/PhotoReview.Core/FileActions/RecoveryRetryService.cs"	"189"	"189"	"SimpleLambdaExpression"	"RecoveryRetryService.lambda in RetryGroupAsync"	"ISSUE"	"REVIEW-UNNUMBERED: R01 surviving residual: retry uses boolean CopyCreationProof then size-only PartialDestinationCleanup; a shorter foreign replacement after creation can be deleted. Repro via fake replacing destination after successful TryCopyNew/proof then throwing or failing later. Retain/revalidate stable identity and add fake race test. R26 also covers Recycle retry: `RetryGroupAsync` does total-size preflight, `ExecuteGroupRetry` later calls SendToRecycleBin without re-statting; size growth can make backstop miss TooLarge."
"F01855"	"src/PhotoReview.Core/FileActions/RecoveryRetryService.cs"	"193"	"193"	"ParenthesizedLambdaExpression"	"RecoveryRetryService.lambda in RetryGroupAsync"	"ISSUE"	"REVIEW-UNNUMBERED: R01 surviving residual: retry uses boolean CopyCreationProof then size-only PartialDestinationCleanup; a shorter foreign replacement after creation can be deleted. Repro via fake replacing destination after successful TryCopyNew/proof then throwing or failing later. Retain/revalidate stable identity and add fake race test. R26 also covers Recycle retry: `RetryGroupAsync` does total-size preflight, `ExecuteGroupRetry` later calls SendToRecycleBin without re-statting; size growth can make backstop miss TooLarge."
"F01856"	"src/PhotoReview.Core/FileActions/RecoveryRetryService.cs"	"196"	"266"	"MethodDeclaration"	"RecoveryRetryService.private RecoveryRetryResult ExecuteGroupRetry(JournalEntry failed, JournalEntry prepared, IReadOnlyList<RecoveryGroupMemberCheck> pending, CancellationToken ct)"	"ISSUE"	"REVIEW-UNNUMBERED: R01 surviving residual: retry uses boolean CopyCreationProof then size-only PartialDestinationCleanup; a shorter foreign replacement after creation can be deleted. Repro via fake replacing destination after successful TryCopyNew/proof then throwing or failing later. Retain/revalidate stable identity and add fake race test. R26 also covers Recycle retry: `RetryGroupAsync` does total-size preflight, `ExecuteGroupRetry` later calls SendToRecycleBin without re-statting; size growth can make backstop miss TooLarge."
"F01857"	"src/PhotoReview.Core/FileActions/RecoveryRetryService.cs"	"274"	"291"	"MethodDeclaration"	"RecoveryRetryService.private void CopyNewOrRemovePartial(string source, string destination, long sourceSize)"	"ISSUE"	"REVIEW-UNNUMBERED: R01 surviving residual: retry uses boolean CopyCreationProof then size-only PartialDestinationCleanup; a shorter foreign replacement after creation can be deleted. Repro via fake replacing destination after successful TryCopyNew/proof then throwing or failing later. Retain/revalidate stable identity and add fake race test."
"F01859"	"src/PhotoReview.Core/FileActions/RecoveryRetryService.cs"	"300"	"340"	"MethodDeclaration"	"RecoveryRetryService.private RecoveryRetryResult ExecuteRetry(JournalEntry failed, JournalEntry prepared)"	"ISSUE"	"REVIEW-UNNUMBERED: R01 surviving residual: retry uses boolean CopyCreationProof then size-only PartialDestinationCleanup; a shorter foreign replacement after creation can be deleted. Repro via fake replacing destination after successful TryCopyNew/proof then throwing or failing later. Retain/revalidate stable identity and add fake race test."
"F01876"	"src/PhotoReview.Core/FileActions/UndoService.cs"	"153"	"280"	"MethodDeclaration"	"UndoService.public async Task<UndoResult> UndoMoveAsync()"	"ISSUE"	"REVIEW-UNNUMBERED: R18 existing: target absence/fingerprint is checked before later Move/Recycle restore; a replacement can race between check and mutation. Preserve existing report ID; no new finding."
"F01877"	"src/PhotoReview.Core/FileActions/UndoService.cs"	"191"	"191"	"SimpleLambdaExpression"	"UndoService.lambda in UndoMoveAsync"	"ISSUE"	"REVIEW-UNNUMBERED: R18 existing: target absence/fingerprint is checked before later Move/Recycle restore; a replacement can race between check and mutation. Preserve existing report ID; no new finding."
"F01878"	"src/PhotoReview.Core/FileActions/UndoService.cs"	"232"	"232"	"ParenthesizedLambdaExpression"	"UndoService.lambda in UndoMoveAsync"	"ISSUE"	"REVIEW-UNNUMBERED: R18 existing: target absence/fingerprint is checked before later Move/Recycle restore; a replacement can race between check and mutation. Preserve existing report ID; no new finding."
"F01879"	"src/PhotoReview.Core/FileActions/UndoService.cs"	"285"	"346"	"MethodDeclaration"	"UndoService.public async Task<UndoResult> UndoLastAsync()"	"ISSUE"	"REVIEW-UNNUMBERED: R18 existing: target absence/fingerprint is checked before later Move/Recycle restore; a replacement can race between check and mutation. Preserve existing report ID; no new finding."
"F01880"	"src/PhotoReview.Core/FileActions/UndoService.cs"	"325"	"325"	"ParenthesizedLambdaExpression"	"UndoService.lambda in UndoLastAsync"	"ISSUE"	"REVIEW-UNNUMBERED: R18 existing: target absence/fingerprint is checked before later Move/Recycle restore; a replacement can race between check and mutation. Preserve existing report ID; no new finding."
"F01881"	"src/PhotoReview.Core/FileActions/UndoService.cs"	"348"	"437"	"MethodDeclaration"	"UndoService.private async Task<UndoResult> UndoGroupMoveAsync(UndoActionRecord action, IReadOnlyList<JournalGroupMember> members)"	"ISSUE"	"REVIEW-UNNUMBERED: R18 existing: target absence/fingerprint is checked before later Move/Recycle restore; a replacement can race between check and mutation. Preserve existing report ID; no new finding."
"F01882"	"src/PhotoReview.Core/FileActions/UndoService.cs"	"358"	"360"	"SimpleLambdaExpression"	"UndoService.lambda in UndoGroupMoveAsync"	"ISSUE"	"REVIEW-UNNUMBERED: R18 existing: target absence/fingerprint is checked before later Move/Recycle restore; a replacement can race between check and mutation. Preserve existing report ID; no new finding."
"F01883"	"src/PhotoReview.Core/FileActions/UndoService.cs"	"395"	"395"	"SimpleLambdaExpression"	"UndoService.lambda in UndoGroupMoveAsync"	"ISSUE"	"REVIEW-UNNUMBERED: R18 existing: target absence/fingerprint is checked before later Move/Recycle restore; a replacement can race between check and mutation. Preserve existing report ID; no new finding."
"F01884"	"src/PhotoReview.Core/FileActions/UndoService.cs"	"404"	"417"	"ParenthesizedLambdaExpression"	"UndoService.lambda in UndoGroupMoveAsync"	"ISSUE"	"REVIEW-UNNUMBERED: R18 existing: target absence/fingerprint is checked before later Move/Recycle restore; a replacement can race between check and mutation. Preserve existing report ID; no new finding."
"F01885"	"src/PhotoReview.Core/FileActions/UndoService.cs"	"424"	"424"	"SimpleLambdaExpression"	"UndoService.lambda in UndoGroupMoveAsync"	"ISSUE"	"REVIEW-UNNUMBERED: R18 existing: target absence/fingerprint is checked before later Move/Recycle restore; a replacement can race between check and mutation. Preserve existing report ID; no new finding."
"F01895"	"src/PhotoReview.Core/FileActions/UndoService.cs"	"535"	"627"	"MethodDeclaration"	"UndoService.private async Task<UndoResult> UndoGroupRecycleAsync(UndoActionRecord action, IReadOnlyList<JournalGroupMember> members)"	"ISSUE"	"REVIEW-UNNUMBERED: R18 existing: target absence/fingerprint is checked before later Move/Recycle restore; a replacement can race between check and mutation. Preserve existing report ID; no new finding."
"F01897"	"src/PhotoReview.Core/FileActions/UndoService.cs"	"586"	"586"	"SimpleLambdaExpression"	"UndoService.lambda in UndoGroupRecycleAsync"	"ISSUE"	"REVIEW-UNNUMBERED: R18 existing: target absence/fingerprint is checked before later Move/Recycle restore; a replacement can race between check and mutation. Preserve existing report ID; no new finding."
"F01898"	"src/PhotoReview.Core/FileActions/UndoService.cs"	"594"	"604"	"ParenthesizedLambdaExpression"	"UndoService.lambda in UndoGroupRecycleAsync"	"ISSUE"	"REVIEW-UNNUMBERED: R18 existing: target absence/fingerprint is checked before later Move/Recycle restore; a replacement can race between check and mutation. Preserve existing report ID; no new finding."
"F01977"	"src/PhotoReview.Core/Localization/LanguageCatalog.cs"	"62"	"89"	"MethodDeclaration"	"LanguageCatalog.public static bool TryParse(string json, string source, [NotNullWhen(true)] out LanguageCatalog? catalog, ICollection<string> warnings)"	"ISSUE"	"REVIEW-UNNUMBERED: R33 propagation: runtime materializes known `_meta.code` strings with JsonElement.GetString and rejects lone-surrogate escapes (LanguageCatalog.cs:149-152; TryParse catches InvalidOperationException at :78-84), while generator SkipValue skips them. The source parser/runtime behavior pair proves mismatch; deterministic metadata case is absent."
"F01979"	"src/PhotoReview.Core/Localization/LanguageCatalog.cs"	"140"	"174"	"MethodDeclaration"	"LanguageCatalog.private static void ReadMeta(JsonElement meta, string source, ICollection<string> warnings, ref string? code, ref string? name, ref string? nativeName, ref PluralRule plural, ref bool pluralDeclared, List<string> authors)"	"ISSUE"	"REVIEW-UNNUMBERED: R33 propagation: runtime materializes known `_meta.code` strings with JsonElement.GetString and rejects lone-surrogate escapes (LanguageCatalog.cs:149-152; TryParse catches InvalidOperationException at :78-84), while generator SkipValue skips them. The source parser/runtime behavior pair proves mismatch; deterministic metadata case is absent."
"F02029"	"src/PhotoReview.Core/Localization/LocTemplate.cs"	"110"	"135"	"MethodDeclaration"	"LocTemplate.public string Render(ReadOnlySpan<LocArg> args)"	"ISSUE"	"REVIEW-UNNUMBERED: R21: Render passes arbitrary argument values to FormatValue; both IFormattable.ToString and fallback ToString can throw (LocTemplate.cs:125,138-143), so a caller data formatter can break UI text rendering. Make formatting fail-safe except OOM; add throwing ToString/IFormattable oracles."
"F02030"	"src/PhotoReview.Core/Localization/LocTemplate.cs"	"138"	"144"	"MethodDeclaration"	"LocTemplate.private static string FormatValue(object? value)"	"ISSUE"	"REVIEW-UNNUMBERED: R21: Render passes arbitrary argument values to FormatValue; both IFormattable.ToString and fallback ToString can throw (LocTemplate.cs:125,138-143), so a caller data formatter can break UI text rendering. Make formatting fail-safe except OOM; add throwing ToString/IFormattable oracles."
"F02106"	"src/PhotoReview.Core/Settings/SettingsStore.cs"	"82"	"178"	"MethodDeclaration"	"SettingsStore.public AppSettings Load(string? path = null)"	"ISSUE"	"REVIEW-UNNUMBERED: R23 survives at current source: Load catches IOException around TryPersistRepairs/Save and around first-run Save, but Save invokes Changed after successfully persisting (SettingsStore.cs:202,218); a handler IOException is mistaken for disk failure and can cause retry/default handling or invoke handler again. Split persistence error handling from callback notification; add repaired-config and first-run throwing-handler oracles."
"F02107"	"src/PhotoReview.Core/Settings/SettingsStore.cs"	"181"	"193"	"MethodDeclaration"	"SettingsStore.private bool TryPersistRepairs(AppSettings repaired)"	"ISSUE"	"REVIEW-UNNUMBERED: R23 survives at current source: Load catches IOException around TryPersistRepairs/Save and around first-run Save, but Save invokes Changed after successfully persisting (SettingsStore.cs:202,218); a handler IOException is mistaken for disk failure and can cause retry/default handling or invoke handler again. Split persistence error handling from callback notification; add repaired-config and first-run throwing-handler oracles."
"F02108"	"src/PhotoReview.Core/Settings/SettingsStore.cs"	"195"	"219"	"MethodDeclaration"	"SettingsStore.public void Save(AppSettings settings)"	"ISSUE"	"REVIEW-UNNUMBERED: R23 survives at current source: Load catches IOException around TryPersistRepairs/Save and around first-run Save, but Save invokes Changed after successfully persisting (SettingsStore.cs:202,218); a handler IOException is mistaken for disk failure and can cause retry/default handling or invoke handler again. Split persistence error handling from callback notification; add repaired-config and first-run throwing-handler oracles."
"F02643"	"src/PhotoReview.Imaging/Decoding/FallbackImageDecoder.cs"	"76"	"98"	"MethodDeclaration"	"FallbackImageDecoder.public static bool IsFallbackable(Exception ex)"	"ISSUE"	"R16 P2 candidate: OverflowException is classified fallbackable, so checked WIC size overflow can route to WPF; WPF unchecked Int64 byte estimate can wrap negative and pass the minimum-memory threshold. Static arithmetic/control-flow review; hostile-header route, not runtime confirmed."
"F02675"	"src/PhotoReview.Imaging/Decoding/Wic/WicDirectDecoder.cs"	"30"	"52"	"MethodDeclaration"	"WicDirectDecoder.public IDecodedImage Decode(DecodeRequest request)"	"ISSUE"	"R16 P2 candidate: WIC Decode can enter checked dimension/stride/pixel-byte overflow before output admission; OverflowException routes to WPF where byte estimate can wrap. Static hostile-header path, not runtime confirmed."
"F02723"	"src/PhotoReview.Imaging/Decoding/WpfBitmapImageDecoder.cs"	"25"	"26"	"MethodDeclaration"	"WpfBitmapImageDecoder.public IDecodedImage Decode(DecodeRequest request)"	"ISSUE"	"R16 P2 candidate: WPF fallback estimates bytes using unchecked (long)width*height*4; extreme valid Int32 dimensions can wrap below the admission threshold and reach EndInit. Static hostile-header path, not runtime confirmed."
"F02872"	"src/PhotoReview.Localization.Generator/FlatJsonReader.cs"	"81"	"125"	"MethodDeclaration"	"FlatJsonReader.private List<JsonEntry> ReadRoot()"	"ISSUE"	"REVIEW-UNNUMBERED: R22: FlatJsonReader.ReadRoot skips every underscore-valued property including _meta (line 105), while runtime BuiltInCatalog requires LanguageCatalog.TryParse success and valid _meta.code; malformed en.json therefore passes generator and fails on first BuiltInCatalog.English access. Validate the runtime-required English metadata contract."
"F02874"	"src/PhotoReview.Localization.Generator/FlatJsonReader.cs"	"133"	"167"	"MethodDeclaration"	"FlatJsonReader.private void SkipValue(int depth)"	"ISSUE"	"Semantic static review against root faeb82ea: catalog parsing/limits, language selection and overlays, template substitution/pseudo localization, localized exception fallback, generator incremental/collision/plural rendering and flat JSON parity rules traced; no tests executed."
"F02894"	"src/PhotoReview.Localization.Generator/TrGenerator.cs"	"54"	"158"	"MethodDeclaration"	"TrGenerator.private static void Execute(SourceProductionContext context, CatalogInput input)"	"ISSUE"	"REVIEW-UNNUMBERED: R22: Execute accepts FlatJsonReader entries without validating the English _meta required by runtime BuiltInCatalog; invalid/missing _meta.code can build successfully then throw during app startup."
"F03174"	"src/PhotoReview.Platform.Windows/RecycleBinCapacity.cs"	"71"	"85"	"MethodDeclaration"	"RecycleBinCapacityGuard.internal static RecycleCapacityVerdict Evaluate(string path, long? fileSize, IRecycleBinSettingsSource source, ILog? log = null)"	"ISSUE"	"REVIEW-UNNUMBERED: R26: capacity evaluation with null fileSize returns Fits at RecycleBinCapacity.cs:102 after size-independent switches. SendToRecycleBin uses that null-size backstop, so source growth after sized preflight can be permanently deleted by shell. Recheck actual size at action time and test a deterministic growth-after-preflight race."
"F03175"	"src/PhotoReview.Platform.Windows/RecycleBinCapacity.cs"	"87"	"125"	"MethodDeclaration"	"RecycleBinCapacityGuard.private static RecycleCapacityVerdict EvaluateCore(string path, long? fileSize, IRecycleBinSettingsSource source)"	"ISSUE"	"REVIEW-UNNUMBERED: R26: capacity evaluation with null fileSize returns Fits at RecycleBinCapacity.cs:102 after size-independent switches. SendToRecycleBin uses that null-size backstop, so source growth after sized preflight can be permanently deleted by shell. Recheck actual size at action time and test a deterministic growth-after-preflight race."
"F03208"	"src/PhotoReview.Platform.Windows/WindowsRecycleBin.cs"	"36"	"58"	"MethodDeclaration"	"WindowsRecycleBin.public void SendToRecycleBin(string path)"	"ISSUE"	"REVIEW-UNNUMBERED: R26: capacity evaluation with null fileSize returns Fits at RecycleBinCapacity.cs:102 after size-independent switches. SendToRecycleBin uses that null-size backstop, so source growth after sized preflight can be permanently deleted by shell. Recheck actual size at action time and test a deterministic growth-after-preflight race."
"F03348"	"tests/PhotoReview.App.Tests/Composition/LibRawPreviewFallbackTests.cs"	"35"	"48"	"MethodDeclaration"	"LibRawPreviewFallbackTests.[Fact] [Trait(""Category"", ""Native"")] public void ReadJpegThumbnail_OrfCorpusFile_ReturnsCompleteJpeg()"	"ISSUE"	"APP-T28: Native corpus test returns successfully when corpus is absent, so no JPEG oracle runs; report an explicit skip or require the corpus."
"F03412"	"tests/PhotoReview.App.Tests/ConvertersTests.cs"	"19"	"31"	"MethodDeclaration"	"ConvertersTests.private static void RunSta(Action body)"	"ISSUE"	"APP-T10: Fresh STA worker is foreground by default; bounded Join timeout can return while it survives and keeps the test process alive. Same harness risk recorded for CompositionRootTests and FolderLoadCoordinatorTests.Probe."
"F03413"	"tests/PhotoReview.App.Tests/ConvertersTests.cs"	"22"	"26"	"ParenthesizedLambdaExpression"	"ConvertersTests.lambda in RunSta"	"ISSUE"	"APP-T10: Fresh STA worker is foreground by default; bounded Join timeout can return while it survives and keeps the test process alive. Same harness risk recorded for CompositionRootTests and FolderLoadCoordinatorTests.Probe."
"F04239"	"tests/PhotoReview.App.Tests/Coordinators/FolderLoadCoordinatorTests.PerfMarks.cs"	"143"	"154"	"MethodDeclaration"	"FolderLoadCoordinatorTests.[Fact] public async Task LoadAsync_WithRawSupportOff_TheListingNeverAcceptsSidecarFiles()"	"ISSUE"	"APP-T21: The verbatim fake path at line 147 contains U+0007 (bell), so it does not place an .xmp sidecar inside C:\photos; ScannedEntries==2 does not prove RawSupport-off exclusion. Use a normal child path and assert it exists in the fake filesystem before LoadAsync."
"F04267"	"tests/PhotoReview.App.Tests/Coordinators/FolderLoadCoordinatorTests.Probe.cs"	"413"	"456"	"MethodDeclaration"	"FolderLoadCoordinatorTests.[Fact(DisplayName = ""AR16: a probe that finished before Dispose but whose apply step had not run yet is still dropped (load token gate)"")] public void Probe_DoneButNotYetApplied_ThenDisposed_IsDropped()"	"ISSUE"	"APP-T10: The worker is a foreground Thread and a bounded Join timeout does not stop it; a failed test can leave it alive and keep the test process running. Mark background and guarantee teardown/cancellation."
"F04268"	"tests/PhotoReview.App.Tests/Coordinators/FolderLoadCoordinatorTests.Probe.cs"	"428"	"435"	"ParenthesizedLambdaExpression"	"FolderLoadCoordinatorTests.lambda in Probe_DoneButNotYetApplied_ThenDisposed_IsDropped"	"ISSUE"	"APP-T10: The worker is a foreground Thread and a bounded Join timeout does not stop it; a failed test can leave it alive and keep the test process running. Mark background and guarantee teardown/cancellation."
"F04274"	"tests/PhotoReview.App.Tests/Coordinators/FolderLoadCoordinatorTests.Races.cs"	"30"	"59"	"MethodDeclaration"	"FolderLoadCoordinatorTests.[Fact(DisplayName = ""Switching folder while the first scan is still running: the slow first load never touches the catalog or the sink"")] public async Task LoadAsync_SecondFolderWhileFirstScanBlocked_FirstLoadIsDroppedSilently()"	"ISSUE"	"APP-T24: The race tests block on ManualResetEventSlim without bounded waits/finally release; a failed assertion or superseding call before Set can leave scan workers blocked. Ensure gates release in finally and bound waits."
"F04275"	"tests/PhotoReview.App.Tests/Coordinators/FolderLoadCoordinatorTests.Races.cs"	"39"	"44"	"ParenthesizedLambdaExpression"	"FolderLoadCoordinatorTests.lambda in LoadAsync_SecondFolderWhileFirstScanBlocked_FirstLoadIsDroppedSilently"	"ISSUE"	"APP-T24: The race tests block on ManualResetEventSlim without bounded waits/finally release; a failed assertion or superseding call before Set can leave scan workers blocked. Ensure gates release in finally and bound waits."
"F04276"	"tests/PhotoReview.App.Tests/Coordinators/FolderLoadCoordinatorTests.Races.cs"	"61"	"84"	"MethodDeclaration"	"FolderLoadCoordinatorTests.[Fact(DisplayName = ""A folder generation bumped by anything else while the scan runs also invalidates the load, even though its token was never cancelled"")] public async Task LoadAsync_FolderGenerationBumpedDuringScan_AppliesNothing()"	"ISSUE"	"APP-T24: The race tests block on ManualResetEventSlim without bounded waits/finally release; a failed assertion or superseding call before Set can leave scan workers blocked. Ensure gates release in finally and bound waits."
"F04277"	"tests/PhotoReview.App.Tests/Coordinators/FolderLoadCoordinatorTests.Races.cs"	"67"	"71"	"ParenthesizedLambdaExpression"	"FolderLoadCoordinatorTests.lambda in LoadAsync_FolderGenerationBumpedDuringScan_AppliesNothing"	"ISSUE"	"APP-T24: The race tests block on ManualResetEventSlim without bounded waits/finally release; a failed assertion or superseding call before Set can leave scan workers blocked. Ensure gates release in finally and bound waits."
"F04278"	"tests/PhotoReview.App.Tests/Coordinators/FolderLoadCoordinatorTests.Races.cs"	"86"	"123"	"MethodDeclaration"	"FolderLoadCoordinatorTests.[Fact(DisplayName = ""Three rapid folder switches: only the last one is ever applied, whatever order the scans finish in"")] public async Task LoadAsync_RapidSwitches_OnlyTheLastIsApplied()"	"ISSUE"	"APP-T24: The race tests block on ManualResetEventSlim without bounded waits/finally release; a failed assertion or superseding call before Set can leave scan workers blocked. Ensure gates release in finally and bound waits."
"F04279"	"tests/PhotoReview.App.Tests/Coordinators/FolderLoadCoordinatorTests.Races.cs"	"101"	"107"	"ParenthesizedLambdaExpression"	"FolderLoadCoordinatorTests.lambda in LoadAsync_RapidSwitches_OnlyTheLastIsApplied"	"ISSUE"	"APP-T24: The race tests block on ManualResetEventSlim without bounded waits/finally release; a failed assertion or superseding call before Set can leave scan workers blocked. Ensure gates release in finally and bound waits."
"F04321"	"tests/PhotoReview.App.Tests/Coordinators/FolderLoadSkippedFilesTests.cs"	"123"	"156"	"MethodDeclaration"	"FolderLoadSkippedFilesTests.[Fact] public async Task AclDeniedFile_IsSkippedAndReported()"	"ISSUE"	"APP-T25: ACL setup failures return normally from [Fact] methods at lines 123-156, 158-194, and 196-227; xUnit reports pass rather than skip, silently erasing ACL coverage. Emit explicit skip reason or split environment capability prerequisite from assertions."
"F04322"	"tests/PhotoReview.App.Tests/Coordinators/FolderLoadSkippedFilesTests.cs"	"158"	"194"	"MethodDeclaration"	"FolderLoadSkippedFilesTests.[Fact] public async Task UnreadableSubdirectory_DoesNotAffectFolderScanOrWarn()"	"ISSUE"	"APP-T25: ACL setup failures return normally from [Fact] methods at lines 123-156, 158-194, and 196-227; xUnit reports pass rather than skip, silently erasing ACL coverage. Emit explicit skip reason or split environment capability prerequisite from assertions."
"F04323"	"tests/PhotoReview.App.Tests/Coordinators/FolderLoadSkippedFilesTests.cs"	"196"	"227"	"MethodDeclaration"	"FolderLoadSkippedFilesTests.[Fact] public async Task UnreadableFolderItself_FailsLoudlyInsteadOfShowingEmptyCatalog()"	"ISSUE"	"APP-T25: ACL setup failures return normally from [Fact] methods at lines 123-156, 158-194, and 196-227; xUnit reports pass rather than skip, silently erasing ACL coverage. Emit explicit skip reason or split environment capability prerequisite from assertions."
"F04349"	"tests/PhotoReview.App.Tests/Coordinators/ImagePresenterTests.Adversarial.cs"	"263"	"268"	"MethodDeclaration"	"ImagePresenterTests.PerPathGatedDecoder.public IDecodedImage Decode(DecodeRequest request)"	"ISSUE"	"APP-T23: Wait(timeout) result is ignored at line 266; a never-opened gate returns a successful fake image after 20s. Fail explicitly on timeout."
"F04857"	"tests/PhotoReview.App.Tests/DarkScrollBarRenderingTests.cs"	"25"	"59"	"MethodDeclaration"	"DarkScrollBarRenderingTests.[Fact(DisplayName = ""ScrollViewer styled with the app's dark theme renders a dark thumb and a dark corner"")] public void ScrollViewer_WithAppDarkTheme_RendersDarkThumbAndCorner()"	"ISSUE"	"APP-T10: The STA thread is foreground by default and a bounded Join timeout leaves it alive if rendering/HWND creation hangs; it can keep the process running. Add teardown/termination or isolate in a child process."
"F04941"	"tests/PhotoReview.App.Tests/HotPath/RealPhotosManualTests.cs"	"62"	"138"	"MethodDeclaration"	"RealPhotosManualTests.[Fact(DisplayName = ""TC07: Real photos navigation (warm Next) does not read sources"")] public async Task RealPhotosNavigation_WarmNext_NoSourceReads()"	"ISSUE"	"APP-T29: Fact returns successfully when fixture path is missing or contains fewer than two images; selected manual run can look green without exercising behavior. Report explicit skip with reason."
"F04942"	"tests/PhotoReview.App.Tests/HotPath/RealPhotosManualTests.cs"	"140"	"262"	"MethodDeclaration"	"RealPhotosManualTests.[Fact(DisplayName = ""TC07: Real photos file actions (Move/Delete) properly handle state"")] public async Task RealPhotosFileActions_MoveDelete_ProperlyHandles()"	"ISSUE"	"APP-T29: Fact returns successfully when fixture path is missing or contains fewer than two images; selected manual run can look green without exercising behavior. Report explicit skip with reason."
"F05016"	"tests/PhotoReview.App.Tests/Input/GlideFrameClockTests.cs"	"76"	"86"	"MethodDeclaration"	"GlideFrameClockTests.[Fact] public void Predict_WithoutTimingYet_StepsByRenderingTime_ThenLocksToTheRefreshGrid()"	"ISSUE"	"APP-P02: Existing startup-null test does not cover timing loss after anchoring and recovery to the same refresh period; add a deterministic transition case proving fallback time is not counted twice."
"F05301"	"tests/PhotoReview.App.Tests/Localization/LanguageOptionsTests.cs"	"16"	"27"	"MethodDeclaration"	"LanguageOptionsTests.[Fact] public void Build_AutoFirst_ThenNativeNames_UserFilesMarked()"	"ISSUE"	"APP-T07: "
"F06091"	"tests/PhotoReview.App.Tests/ViewModels/MainViewModelAdvancedTests.cs"	"769"	"798"	"MethodDeclaration"	"MainViewModelAdvancedTests.TestPresentationSink.public async Task WaitForPresentationCountAsync(int count, TimeSpan timeout)"	"ISSUE"	"APP-T17: "
"F06286"	"tests/PhotoReview.App.Tests/ViewModels/MainViewModelFileActionTests.cs"	"995"	"1024"	"MethodDeclaration"	"MainViewModelFileActionTests.TestPresentationSink.public async Task WaitForPresentationCountAsync(int count, TimeSpan timeout)"	"ISSUE"	"APP-T17: "
"F06559"	"tests/PhotoReview.App.Tests/ViewModels/StatusTextEnglishTests.cs"	"16"	"27"	"MethodDeclaration"	"StatusTextEnglishTests.[Fact] public void ImageStatusMessages_RenderInEnglish()"	"ISSUE"	"APP-T06: "
"F06561"	"tests/PhotoReview.App.Tests/ViewModels/StatusTextEnglishTests.cs"	"44"	"70"	"MethodDeclaration"	"StatusTextEnglishTests.[Fact] public async Task CompareStatus_RendersInEnglish()"	"ISSUE"	"APP-T06: "
"F06707"	"tests/PhotoReview.App.Tests/Win32DialogGuardTests.cs"	"16"	"42"	"MethodDeclaration"	"Win32DialogGuardTests.[Fact] public void InstallOnCurrentThread_RealMessageBoxShown_IsRecordedAndAutoDismissedPromptly()"	"ISSUE"	"APP-T10: STA thread is foreground and bounded Join does not terminate it if native dialog/guard hangs; worker can survive timeout and keep test process alive. Guarantee teardown/cancellation or isolate in child process."
"F06708"	"tests/PhotoReview.App.Tests/Win32DialogGuardTests.cs"	"24"	"31"	"ParenthesizedLambdaExpression"	"Win32DialogGuardTests.lambda in InstallOnCurrentThread_RealMessageBoxShown_IsRecordedAndAutoDismissedPromptly"	"ISSUE"	"APP-T10: STA thread is foreground and bounded Join does not terminate it if native dialog/guard hangs; worker can survive timeout and keep test process alive. Guarantee teardown/cancellation or isolate in child process."
"F06709"	"tests/PhotoReview.App.Tests/Win32DialogGuardTests.cs"	"39"	"39"	"SimpleLambdaExpression"	"Win32DialogGuardTests.lambda in InstallOnCurrentThread_RealMessageBoxShown_IsRecordedAndAutoDismissedPromptly"	"ISSUE"	"APP-T10: STA thread is foreground and bounded Join does not terminate it if native dialog/guard hangs; worker can survive timeout and keep test process alive. Guarantee teardown/cancellation or isolate in child process."
"F06710"	"tests/PhotoReview.App.Tests/Win32DialogGuardTests.cs"	"44"	"67"	"MethodDeclaration"	"Win32DialogGuardTests.[Fact] public void HasDialogs_NoDialogShown_IsFalseAndThrowIfAnyIsNoOp()"	"ISSUE"	"APP-T10: STA thread is foreground and bounded Join does not terminate it if native dialog/guard hangs; worker can survive timeout and keep test process alive. Guarantee teardown/cancellation or isolate in child process."
"F06711"	"tests/PhotoReview.App.Tests/Win32DialogGuardTests.cs"	"49"	"61"	"ParenthesizedLambdaExpression"	"Win32DialogGuardTests.lambda in HasDialogs_NoDialogShown_IsFalseAndThrowIfAnyIsNoOp"	"ISSUE"	"APP-T10: STA thread is foreground and bounded Join does not terminate it if native dialog/guard hangs; worker can survive timeout and keep test process alive. Guarantee teardown/cancellation or isolate in child process."
"F06712"	"tests/PhotoReview.App.Tests/Win32DialogGuardTests.cs"	"69"	"97"	"MethodDeclaration"	"Win32DialogGuardTests.[Fact] public void Clear_AfterDialogRecorded_ForgetsIt()"	"ISSUE"	"APP-T10: STA thread is foreground and bounded Join does not terminate it if native dialog/guard hangs; worker can survive timeout and keep test process alive. Guarantee teardown/cancellation or isolate in child process."
"F06713"	"tests/PhotoReview.App.Tests/Win32DialogGuardTests.cs"	"74"	"91"	"ParenthesizedLambdaExpression"	"Win32DialogGuardTests.lambda in Clear_AfterDialogRecorded_ForgetsIt"	"ISSUE"	"APP-T10: STA thread is foreground and bounded Join does not terminate it if native dialog/guard hangs; worker can survive timeout and keep test process alive. Guarantee teardown/cancellation or isolate in child process."
"F07674"	"tests/PhotoReview.Core.Tests/FileActions/ActionDestinationRootTests.cs"	"23"	"33"	"MethodDeclaration"	"ActionDestinationRootTests.[Theory] [InlineData(@""C:\"", @""C:\sel\a.jpg"")] [InlineData(@""C:\"", @""C:\sel"")] [InlineData(@""\\server\share"", @""\\server\share\sel\a.jpg"")] [InlineData(@""\\server\share\"", @""\\server\share\sel"")] public void ValidateNoEscapeViaReparsePoint_SourceAtRoot_DestinationInsideIsOk(string sourceFolder, string destination)"	"ISSUE"	"REVIEW-UNNUMBERED: R32 oracle gap: these tests use InMemoryFileSystem.ResolveRealPath, which returns C: (not canonical C:\) for an empty segment; this hides duplicate-separator prefix failure from PhysicalFileSystem.ResolveRealPath. Assert with canonical root-returning resolver."
"F07676"	"tests/PhotoReview.Core.Tests/FileActions/ActionDestinationRootTests.cs"	"46"	"63"	"MethodDeclaration"	"ActionDestinationRootTests.[Theory] [InlineData(FileOperationType.Move, @""C:\a.jpg"", @""C:\sel\a.jpg"")] [InlineData(FileOperationType.Copy, @""C:\a.jpg"", @""C:\sel\a.jpg"")] [InlineData(FileOperationType.Move, @""\\server\share\a.jpg"", @""\\server\share\sel\a.jpg"")] [InlineData(FileOperationType.Copy, @""\\server\share\a.jpg"", @""\\server\share\sel\a.jpg"")] public async Task ExecuteAsync_PhotoAtRootWithRelativeDestination_LandsInsideTheRoot(FileOperationType type, string source, string expected)"	"ISSUE"	"REVIEW-UNNUMBERED: R32 oracle gap: these tests use InMemoryFileSystem.ResolveRealPath, which returns C: (not canonical C:\) for an empty segment; this hides duplicate-separator prefix failure from PhysicalFileSystem.ResolveRealPath. Assert with canonical root-returning resolver."
"F08213"	"tests/PhotoReview.Core.Tests/FileActions/JournalCompactionTests.cs"	"394"	"475"	"MethodDeclaration"	"JournalCompactionTests.[Fact(DisplayName = ""Stress: concurrent writers and repeated TryCompact never tear/glue a line or lose an acknowledged append"")] [Trait(""Category"", ""Slow"")] public void TryCompact_StressWithConcurrentWriters_NoTornOrLostRecords()"	"ISSUE"	"R38/R39: stress oracle never verifies that acknowledged IDs remain in the journal or occur exactly once; it only checks they are absent from pending/failed. On a writer timeout, an assertion can exit before stop is set/join cleanup, leaving foreground threads running. Add persisted-ID/count assertions and cleanup in finally; static review at 18aa6eb6, no tests run."
"F08240"	"tests/PhotoReview.Core.Tests/FileActions/JournalConcurrencyTests.cs"	"148"	"192"	"MethodDeclaration"	"JournalConcurrencyTests.[Fact(DisplayName = ""The single-action gate admits exactly one of many simultaneous actions; the rest are rejected as busy"")] public async Task ManySimultaneousActions_ExactlyOneRuns()"	"ISSUE"	"R42: journal worker tests use unbounded Barrier.SignalAndWait; the action-gate test awaits entered.Task without a deadline before its 30-second losers wait. If the winner never enters, the test hangs; if a later assertion/time-out fails, release is not guaranteed in finally and a task can remain gated. Bound barrier/entry waits and release/join workers in cleanup. Static review at 18aa6eb6; no tests run."
"F08328"	"tests/PhotoReview.Core.Tests/FileActions/JournalGroupDowngradeTests.cs"	"92"	"113"	"MethodDeclaration"	"JournalGroupDowngradeTests.[Fact] public void Reconcile_StaleReconcileFailedFollowsOlderBuildCommitted_StillRepairsTheGroupLine()"	"ISSUE"	"R41: the fake filesystem seeds `C:\selected` + U+0007 + `.jpg` and `C:\photos` + U+0007 + `.cr2`, not the intended `a.jpg`/`a.cr2` paths. Thus the claimed first-member-moved/second-source-present scenario does not match GroupMembers and the test can pass without covering stale reconcile residue in the intended state. Replace BEL with literal `a`; static source review at 18aa6eb6, no tests run."
"F08520"	"tests/PhotoReview.Core.Tests/FileActions/OperationJournalCompactionBoundaryTests.cs"	"193"	"212"	"MethodDeclaration"	"OperationJournalCompactionBoundaryTests.[Fact] public void TryCompact_TornLineAppendedMeanwhile_GetsANewlineAndBytesAfterCountsIt()"	"ISSUE"	"R40: `TryCompact_TornLineAppendedMeanwhile_GetsANewlineAndBytesAfterCountsIt` checks the outcome, final byte and reported byte count but never checks the appended torn bytes remain in the compacted file; dropping the delta and writing only a newline can satisfy the oracle. Assert the exact torn-byte prefix is preserved before the added terminator. Static review at 18aa6eb6; no test ran."
"F08574"	"tests/PhotoReview.Core.Tests/FileActions/OperationJournalMutationTests.cs"	"135"	"142"	"MethodDeclaration"	"OperationJournalMutationTests.[Fact] public void GetHashCode_EntriesDifferingOnlyInTheMembers_DifferInTheirHash()"	"ISSUE"	"REVIEW-UNNUMBERED: R36 P3 test-oracle issue: this test asserts unequal JournalEntry values must have different hash codes, but hash collisions are permitted; only equal values are required to hash equally. Remove the unequal-hash assertion and keep equality => equal hash coverage. Static review only; no production issue."
"F08681"	"tests/PhotoReview.Core.Tests/FileActions/RecoveryFileCheckMutationTests.cs"	"77"	"91"	"MethodDeclaration"	"RecoveryFileCheckMutationTests.[Fact] public void Check_UndoMoveGroupWithARetryableAndAConflictingMember_IsConflictNotCanRetry()"	"ISSUE"	"R43: S/D conflict scenario embeds U+0007 in both destination paths (C:\\out< BEL >.jpg/.cr2), impossible as a real Windows filename; in-memory fake accepts it. Replace with normal child paths so the oracle models reachable filesystem state."
"F08868"	"tests/PhotoReview.Core.Tests/FileActions/RecoveryRetryServiceTests.cs"	"277"	"312"	"MethodDeclaration"	"RecoveryRetryServiceTests.[Fact(DisplayName = ""RetryMoveOrCopyAsync runs the file mutation off the caller thread"")] public async Task RetryMoveOrCopyAsync_RunsMutationOffCallerThread()"	"ISSUE"	"REVIEW-UNNUMBERED: Semantic static review at exact source HEAD 18aa6eb64ba48666de620937211e0782dd6131c1. R37 P2 test-liveness candidate: the test starts a worker that synchronously waits for RetryMoveOrCopyAsync, then awaits done.Task without a deadline; the later 10-second Join is unreachable if the task deadlocks. A regression can therefore stall this test/run until the outer test-run guard fires. Prefer bounded Task.WaitAsync with a short diagnostic timeout and cleanup/join in finally. No tests run."
"F08925"	"tests/PhotoReview.Core.Tests/FileActions/UndoServiceGroupTests.cs"	"112"	"125"	"MethodDeclaration"	"UndoServiceGroupTests.[Fact] public async Task UndoLastAsync_GroupMoveAlreadyRestoredExternally_ClearsTheActionSoItDoesNotRepeat()"	"ISSUE"	"REVIEW-UNNUMBERED: Semantic static review at exact source HEAD 18aa6eb64ba48666de620937211e0782dd6131c1. R18-linked test-oracle gap: group Move undo checks already-restored state and retries, but has no deterministic interleaving that replaces the source/destination after identity preflight and before the undo Move; current body therefore does not guard the stale-identity race. Fake in-memory filesystem only; no tests run."
"F09350"	"tests/PhotoReview.Core.Tests/Localization/FlatJsonReaderDifferentialTests.cs"	"108"	"130"	"MethodDeclaration"	"FlatJsonReaderDifferentialTests.[Theory(DisplayName = ""Differential fuzz: generator and System.Text.Json agree on validity and content of token-soup files"")] [InlineData(1)] [InlineData(2)] [InlineData(3)] [InlineData(4)] public void Soup_Agrees(int seed)"	"ISSUE"	"Semantic static review against root faeb82ea: localization parser/loader/rendering/plural/generator oracles, fuzz/differential corpus, ambient state restoration and manual-benchmark scope inspected; no tests executed."
"F09365"	"tests/PhotoReview.Core.Tests/Localization/LanguageCatalogRobustnessTests.cs"	"7"	"17"	"MethodDeclaration"	"LanguageCatalogRobustnessTests.[Fact] public void TryParse_LoneSurrogateEscape_ReportsWarningInsteadOfThrowing()"	"ISSUE"	"REVIEW-UNNUMBERED: R33 oracle gap: this runtime test covers a lone surrogate in an ordinary entry value, but not `_meta.code` which the generator skips and runtime materializes. Add deterministic metadata input paired with FlatJsonReader differential test."
"F09366"	"tests/PhotoReview.Core.Tests/Localization/LanguageCatalogRobustnessTests.cs"	"16"	"16"	"SimpleLambdaExpression"	"LanguageCatalogRobustnessTests.lambda in TryParse_LoneSurrogateEscape_ReportsWarningInsteadOfThrowing"	"ISSUE"	"REVIEW-UNNUMBERED: R33 oracle gap: this runtime test covers a lone surrogate in an ordinary entry value, but not `_meta.code` which the generator skips and runtime materializes. Add deterministic metadata input paired with FlatJsonReader differential test."
"F09419"	"tests/PhotoReview.Core.Tests/Localization/LocalizationFuzzTests.cs"	"89"	"97"	"MethodDeclaration"	"LocalizationFuzzTests.[Fact(DisplayName = ""Render never throws when an argument's ToString throws or returns null, or the value is a huge number"")] public void Render_HostileArguments_DoNotThrowForFormatting()"	"ISSUE"	"REVIEW-UNNUMBERED: R21 test gap: the method title promises throwing ToString coverage, but NullToString only returns null; add a value whose ToString (and optionally IFormattable.ToString) throws to expose unsafe FormatValue."
"F09453"	"tests/PhotoReview.Core.Tests/Localization/LocalizationGeneratorTests.cs"	"91"	"91"	"SimpleLambdaExpression"	"LocalizationGeneratorTests.lambda in BrokenCatalog_ReportsDiagnostic"	"ISSUE"	"REVIEW-UNNUMBERED: R22 test gap: inline `{""a"":""x"",}` is asserted valid with no diagnostic despite runtime LanguageCatalog rejecting missing _meta.code; generator output can compile while BuiltInCatalog.English later throws."
"F09453"	"tests/PhotoReview.Core.Tests/Localization/LocalizationGeneratorTests.cs"	"91"	"91"	"SimpleLambdaExpression"	"LocalizationGeneratorTests.lambda in BrokenCatalog_ReportsDiagnostic"	"ISSUE"	"R22 test gap: inline `{""a"":""x"",}` is asserted valid with no diagnostic despite runtime LanguageCatalog rejecting missing _meta.code; generator output can compile while BuiltInCatalog.English later throws."
"F10155"	"tests/PhotoReview.Core.Tests/Settings/SettingsStoreFailureTests.cs"	"223"	"237"	"MethodDeclaration"	"SettingsStoreFailureTests.[Fact(DisplayName = ""RV-S04: a Changed handler that throws IOException surfaces to the caller and does not make Load fall back to defaults"")] public void Load_ChangedHandlerThrowsIOException_KeepsLoadedValues()"	"ISSUE"	"REVIEW-UNNUMBERED: R23: Changed IOException is caught as persistence failure on repaired-config and first-run/default Save paths, although Save has already written before invoking Changed; callback can be invoked again outside the catch or exception rethrown. Current source: SettingsStore.cs:120-122,160-170,217-218; test at SettingsStoreFailureTests.cs:223-236 covers valid no-repair only. Remedy: separate disk-write exception boundary from Changed notification and add repair + first-run throwing-handler cases."
"F10156"	"tests/PhotoReview.Core.Tests/Settings/SettingsStoreFailureTests.cs"	"228"	"228"	"ParenthesizedLambdaExpression"	"SettingsStoreFailureTests.lambda in Load_ChangedHandlerThrowsIOException_KeepsLoadedValues"	"ISSUE"	"Static semantic review of settings load/save/parse and real-temp robustness oracles, EventSource wire payload and path timing, and dedicated navigation-stat worker scheduling/cancellation tests; no tests/builds/runtime validation."
"F10157"	"tests/PhotoReview.Core.Tests/Settings/SettingsStoreFailureTests.cs"	"231"	"231"	"ParenthesizedLambdaExpression"	"SettingsStoreFailureTests.lambda in Load_ChangedHandlerThrowsIOException_KeepsLoadedValues"	"ISSUE"	"Static semantic review of settings load/save/parse and real-temp robustness oracles, EventSource wire payload and path timing, and dedicated navigation-stat worker scheduling/cancellation tests; no tests/builds/runtime validation."
"F10499"	"tests/PhotoReview.Imaging.Tests/Caching/DecodeOriginalTests.cs"	"133"	"156"	"MethodDeclaration"	"DecodeOriginalTests.[Fact] public async Task DecodeOriginal_RunsAtMostOneFullResolutionDecodeAtATime_AndDropsCancelledWaiters()"	"ISSUE"	"Test-oracle gap: negative Wait(300ms) is used as absence/concurrency proof; scheduler delay can make the test pass without deterministically establishing second-call admission. Test-only; not run."
"F11094"	"tests/PhotoReview.Imaging.Tests/Caching/SourceBytesCacheTests.cs"	"139"	"161"	"MethodDeclaration"	"SourceBytesCacheTests.[Fact(DisplayName = ""GetOrRead performs the real disk read synchronously on the calling thread (no Task.Run hop)"")] public void GetOrRead_ReadsOnCallingThread()"	"ISSUE"	"Test robustness issue: dedicated worker uses unbounded Thread.Join; a blocked GetOrRead regression can hang until outer test watchdog. Test-only; not run."
"F11100"	"tests/PhotoReview.Imaging.Tests/Caching/ThumbnailCacheLifecycleTests.cs"	"13"	"35"	"MethodDeclaration"	"ThumbnailCacheLifecycleTests.[Fact(DisplayName = ""Disposing while a thumbnail load is in flight: the load ends without an error, nothing is cached, and new requests are refused"")] public async Task DisposeDuringLoad_EndsCleanly()"	"ISSUE"	"Test-oracle gap: DisposeDuringLoad_EndsCleanly claims no cache insert but only asserts completion and future ObjectDisposedException; it cannot observe whether completion inserted before disposal rejects reads. Test-only; not run."
"F11382"	"tests/PhotoReview.Imaging.Tests/Decoding/EmbeddedThumbnailReaderTests.cs"	"39"	"54"	"MethodDeclaration"	"EmbeddedThumbnailReaderTests.[Theory(DisplayName = ""TryRead rejects a thumbnail whose header claims a huge size without allocating for it"")] [InlineData(20000, 20000)] [InlineData(65535, 65535)] public void HugeClaimedThumbnail_ReturnsNull_WithoutBigAllocation(int width, int height)"	"ISSUE"	"Test-oracle limitation: allocation assertion observes only GC.GetAllocatedBytesForCurrentThread, excluding native WIC allocations and other threads; null result still checks rejection. Test-only; not run."
"F11384"	"tests/PhotoReview.Imaging.Tests/Decoding/EmbeddedThumbnailReaderTests.cs"	"95"	"108"	"MethodDeclaration"	"EmbeddedThumbnailReaderTests.[Fact(DisplayName = ""A valid but oversized (1100x1100) embedded thumbnail is rejected before its pixel buffer is allocated"")] public void OversizedValidThumbnail_ReturnsNull_WithoutBigAllocation()"	"ISSUE"	"Test-oracle limitation: allocation assertion observes only GC.GetAllocatedBytesForCurrentThread, excluding native WIC allocations and other threads; null result still checks rejection. Test-only; not run."
"F11592"	"tests/PhotoReview.Imaging.Tests/Decoding/TurboJpegGuardMutationTests.cs"	"329"	"346"	"MethodDeclaration"	"TurboJpegGuardMutationTests.[Fact] public void ReadAllBytes_LengthExactlyTheLimit_PassesTheLimitCheck()"	"ISSUE"	"TEST-R07: test allocates ReadAllBytes with MaxSourceBytes (~2 GiB), high-risk memory fixture; not executed. Test-only concern."
"F14640"	"tests/PhotoReview.Imaging.Tests/Robustness/RawContainerFuzzTests.cs"	"143"	"144"	"MethodDeclaration"	"RawContainerFuzzTests.private static void AssertWithinBudget(TimeSpan p95)"	"ISSUE"	"Test-oracle gap: helper and class documentation claim allocation thresholds, but RunFuzzLoop checks cumulative header bytes and p95 latency only; it does not measure allocated bytes. Test-only; not run."
"F14683"	"tests/PhotoReview.Integration.Tests/AccessibilityNamesTests.cs"	"26"	"60"	"MethodDeclaration"	"AccessibilityNamesTests.[Theory] [MemberData(nameof(Windows))] public async Task EveryInputHasAnAccessibleName(string windowName)"	"ISSUE"	"APP-T08: "
"F14690"	"tests/PhotoReview.Integration.Tests/ActionProfilesDestinationTests.cs"	"16"	"35"	"MethodDeclaration"	"ActionProfilesDestinationTests.[Fact] public async Task Apply_WithEscapingDestination_ShowsReasonAndKeepsWindowOpen()"	"ISSUE"	"APP-T01: "
"F14691"	"tests/PhotoReview.Integration.Tests/ActionProfilesDestinationTests.cs"	"19"	"34"	"ParenthesizedLambdaExpression"	"ActionProfilesDestinationTests.lambda in Apply_WithEscapingDestination_ShowsReasonAndKeepsWindowOpen"	"ISSUE"	"APP-T01: "
"F14865"	"tests/PhotoReview.Integration.Tests/BenchmarkImageExecutorTeardownTests.cs"	"19"	"48"	"MethodDeclaration"	"BenchmarkImageExecutorTeardownTests.[Fact(DisplayName = ""DisposeAsync returns without waiting for the prune pass to finish, and the scratch directory is still removed once it settles"")] public async Task DisposeAsync_DoesNotBlockOnPrune_ButStillCleansUpEventually()"	"ISSUE"	"APP-T04: "
"F15272"	"tests/PhotoReview.Integration.Tests/Infrastructure/StaTestHost.cs"	"42"	"71"	"MethodDeclaration"	"StaTestHost.private static void EnsureThread()"	"ISSUE"	"APP-T02: "
"F15274"	"tests/PhotoReview.Integration.Tests/Infrastructure/StaTestHost.cs"	"73"	"116"	"MethodDeclaration"	"StaTestHost.private static void Pump(Func<Task> body, TimeSpan timeout, TaskCompletionSource<object?> outer)"	"ISSUE"	"APP-T02: "
"F15344"	"tests/PhotoReview.Integration.Tests/InstanceForwardPipeTests.cs"	"152"	"165"	"MethodDeclaration"	"InstanceForwardPipeTests.[Fact(DisplayName = ""A busy owner that answers after the client's deadline yields Unknown, not NoInstance (Q-R12: no false error dialog)"")] public async Task Client_OwnerAnswersTooLate_ReportsUnknown()"	"ISSUE"	"APP-T22: No entered signal proves the server onPaths callback has begun before SendAsync reaches its deadline; Unknown may pass without a busy accepted owner. Signal callback entry, hold through client timeout, then release."
"F15345"	"tests/PhotoReview.Integration.Tests/InstanceForwardPipeTests.cs"	"156"	"156"	"SimpleLambdaExpression"	"InstanceForwardPipeTests.lambda in Client_OwnerAnswersTooLate_ReportsUnknown"	"ISSUE"	"APP-T22: No entered signal proves the server onPaths callback has begun before SendAsync reaches its deadline; Unknown may pass without a busy accepted owner. Signal callback entry, hold through client timeout, then release."
"F15792"	"tests/PhotoReview.Integration.Tests/PhysicalFileSystemReparseTests.cs"	"62"	"82"	"MethodDeclaration"	"PhysicalFileSystemReparseTests.[Fact(DisplayName = ""RV-S06 (Native): a reparse-point loop in a relative destination is rejected (fail closed), not thrown"")] public void ValidateNoEscapeViaReparsePoint_ReparseLoop_FailsClosed()"	"ISSUE"	"APP-T30: Native fact prints a skip message then returns when symlink/junction creation is unavailable; test runner records pass without exercising reparse oracle. Use explicit skip."
"F15793"	"tests/PhotoReview.Integration.Tests/PhysicalFileSystemReparseTests.cs"	"77"	"78"	"ParenthesizedLambdaExpression"	"PhysicalFileSystemReparseTests.lambda in ValidateNoEscapeViaReparsePoint_ReparseLoop_FailsClosed"	"ISSUE"	"APP-T30: Native fact prints a skip message then returns when symlink/junction creation is unavailable; test runner records pass without exercising reparse oracle. Use explicit skip."
"F15794"	"tests/PhotoReview.Integration.Tests/PhysicalFileSystemReparseTests.cs"	"84"	"101"	"MethodDeclaration"	"PhysicalFileSystemReparseTests.[Fact(DisplayName = ""RV-S06 (Native): an ordinary relative destination next to the loop is still allowed"")] public void ValidateNoEscapeViaReparsePoint_OrdinaryDestinationBesideLoop_StaysOk()"	"ISSUE"	"APP-T30: Native fact prints a skip message then returns when symlink/junction creation is unavailable; test runner records pass without exercising reparse oracle. Use explicit skip."
"F15802"	"tests/PhotoReview.Integration.Tests/PlatformGapTests.cs"	"35"	"47"	"MethodDeclaration"	"PlatformGapTests.[Fact(DisplayName = ""Real source: a drive letter that does not exist resolves no volume and Evaluate answers Unknown"")] [Trait(""Category"", ""Native"")] public void Evaluate_RealSource_UnmountedDriveLetter_ReturnsUnknown()"	"ISSUE"	"APP-T27: Test uses Enumerable.Range(...).First to find an unmounted letter, which throws if all D: through Z: letters are mounted. On that valid host configuration the native test fails before exercising Unknown verdict. Report an explicit skip when no unused letter exists or use a deterministic injectable no-volume path."
"F15840"	"tests/PhotoReview.Integration.Tests/PlatformPrimitivesTests.cs"	"47"	"87"	"MethodDeclaration"	"PlatformPrimitivesTests.[Fact(DisplayName = ""WindowsDarkTitleBar rejects a null handle and accepts a real window handle"")] public void WindowsDarkTitleBarEnablesDarkModeOnARealHandle()"	"ISSUE"	"APP-T10: The STA thread is foreground by default and a bounded Join timeout leaves it alive if rendering/HWND creation hangs; it can keep the process running. Add teardown/termination or isolate in a child process."
"F15845"	"tests/PhotoReview.Integration.Tests/PowerShellSafetyGuardTests.cs"	"26"	"36"	"MethodDeclaration"	"PowerShellSafetyGuardTests.private static (int ExitCode, string Output) RunPowerShell(params string[] args)"	"ISSUE"	"APP-T26: Process.WaitForExit() is unbounded; if a PowerShell script hangs, this integration test can hang the entire test run. Use a bounded wait, kill the process tree on timeout, and drain output."
"F15905"	"tests/PhotoReview.Integration.Tests/RecoveryPathPanelTests.cs"	"29"	"63"	"MethodDeclaration"	"RecoveryPathPanelTests.[Fact] public async Task Copy_Click_ClipboardHeldByAnotherThread_DoesNotThrow()"	"ISSUE"	"APP-T05: "
"F16265"	"tests/PhotoReview.Integration.Tests/SlowLinkFileSystemTests.cs"	"9"	"25"	"MethodDeclaration"	"SlowLinkFileSystemTests.[Fact(DisplayName = ""T1: EnumerateReadableFilesWithStat pays the metadata latency per entry like the sibling overloads"")] public void EnumerateReadableFilesWithStat_AppliesMetadataLatencyPerEntry()"	"ISSUE"	"APP-T31: Asserts elapsed >=400ms against a 250ms-per-entry delay; this is a fixed-delay timing assertion contrary to repo testing rule. Prefer deterministic injected-clock/delay-count oracle."
"F16267"	"tests/PhotoReview.Integration.Tests/SlowLinkFileSystemTests.cs"	"19"	"19"	"SimpleLambdaExpression"	"SlowLinkFileSystemTests.lambda in EnumerateReadableFilesWithStat_AppliesMetadataLatencyPerEntry"	"ISSUE"	"APP-T31: Asserts elapsed >=400ms against a 250ms-per-entry delay; this is a fixed-delay timing assertion contrary to repo testing rule. Prefer deterministic injected-clock/delay-count oracle."
"F16267"	"tests/PhotoReview.Integration.Tests/SlowLinkFileSystemTests.cs"	"19"	"19"	"SimpleLambdaExpression"	"SlowLinkFileSystemTests.lambda in EnumerateReadableFilesWithStat_AppliesMetadataLatencyPerEntry"	"ISSUE"	"APP-T31: Asserts elapsed >=400ms against a 250ms-per-entry delay; this is a fixed-delay timing assertion contrary to repo testing rule. Prefer deterministic injected-clock/delay-count oracle."
"F16437"	"tests/PhotoReview.TestSupport.Windows/Fixtures/PhotoFolderBuilder.cs"	"46"	"93"	"MethodDeclaration"	"PhotoFolderBuilder.public static string BuildFolder(int imageCount, string? tempDir = null)"	"ISSUE"	"REVIEW-UNNUMBERED: R24 [P2], caller-owned temp-dir cleanup: BuildFolder(string imageCount, string? tempDir) accepts an existing arbitrary directory, assigns it to _cachedFolder (line 62), then process-exit cleanup/Dispose recursively deletes that whole path (Cleanup lines 251-268; Dispose 270-273). Repro: call BuildFolder(n, existingUserOrSharedDirectory), then dispose the singleton or exit test process; unrelated pre-existing files under that directory are deleted. Remediation: always create a unique owned child directory (or maintain an explicit list of created files) and only recursively delete a path proven to be created/owned by this helper."
"F16441"	"tests/PhotoReview.TestSupport.Windows/Fixtures/PhotoFolderBuilder.cs"	"210"	"248"	"MethodDeclaration"	"PhotoFolderBuilder.private static void PurgeStaleTemporaryFolders()"	"ISSUE"	"REVIEW-UNNUMBERED: R25 [P2], unowned age-based temp sweep: PurgeStaleTemporaryFolders enumerates all shared-temp PhotoReview-TC01-* directories and recursively deletes each solely when CreationTime is older than six hours (lines 210-248); there is no owner/process marker or lock. Repro: a long-running test or another process uses a matching folder for over six hours; startup of this helper deletes its files. Remediation: remove the cross-run recursive sweep, or require a helper-owned marker/lock plus a conservative stale-owner check before deleting."
"F16538"	"tools/PhotoReview.Benchmark.Cli/BenchmarkCliArguments.cs"	"107"	"114"	"MethodDeclaration"	"BenchmarkCliArguments.public static string ResolveReportDirectory(string photoFolder, string? outputOverride)"	"ISSUE"	"REVIEW-UNNUMBERED: R30 P2 candidate: default path uses UTC yyyyMMdd-HHmmss (BenchmarkCliArguments.cs:107-112), while RunCliBenchmarksAsync writes fixed summary.json with File.WriteAllTextAsync (Program.cs:70-72). Two concurrent/repeated invocations in the same second share directory and overwrite summary; no collision oracle found. Use an atomically unique directory suffix and add collision test."
"F16629"	"tools/PhotoReview.Benchmark.Cli/LocalImageBenchmark.cs"	"11"	"55"	"MethodDeclaration"	"LocalImageBenchmark.public static async Task RunAsync(string folder, int workers = 8)"	"ISSUE"	"STATIC-ONLY: local preload benchmark bounds input to 30 files, uses bounded worker concurrency, frozen on-load images and a RAM cache; no cleanup/report side effects. No actionable issue; no tests/runtime/build."
"F16645"	"tools/PhotoReview.Benchmark.Cli/PerfSession.cs"	"245"	"632"	"MethodDeclaration"	"PerfSession.private static async Task<bool> RunIterationAsync(Dispatcher dispatcher, Scenario scenario, Options options, string folder, bool usesCopy, string copyRoot, int sourceImageCount, int iteration, string iterationDir)"	"ISSUE"	"REVIEW-UNNUMBERED: R34: --slow-link-bandwidth-mbps alone is accepted and written to session metadata, but RunIterationAsync enables both IFileSystem and ISourceReader wrappers only when latency is non-null (PerfSession.cs:289-315, 535-538; ParseArgs:937-942). R35: RunIterationAsync replaces settings.Actions after MainWindow has already constructed ShortcutRouter; router snapshots the old action key indices (MainWindow.cs:78,81; ShortcutRouter.cs:78-87). For an action key such as default F3, stale index 1 is passed to current one-item list and FileActionController returns without running; the step records zero moved yet can finish without error. Fix option order/rebuild and assert action result. Static only, no test/build/runtime."
"F16646"	"tools/PhotoReview.Benchmark.Cli/PerfSession.cs"	"295"	"315"	"SimpleLambdaExpression"	"PerfSession.lambda in RunIterationAsync"	"ISSUE"	"REVIEW-UNNUMBERED: R34: this DI-registration callable is gated by `SlowLinkLatencyMs` while `SlowLinkBandwidthMbps` can be independently parsed and recorded, so bandwidth-only benchmark metadata overstates the applied cap. See PerfSession.cs:289-315, 535-540. Reject unpaired bandwidth or enable the wrappers from bandwidth presence. Static only; no test/build/runtime."
"F16648"	"tools/PhotoReview.Benchmark.Cli/PerfSession.cs"	"302"	"305"	"SimpleLambdaExpression"	"PerfSession.lambda in RunIterationAsync"	"ISSUE"	"REVIEW-UNNUMBERED: R34: this DI-registration callable is gated by `SlowLinkLatencyMs` while `SlowLinkBandwidthMbps` can be independently parsed and recorded, so bandwidth-only benchmark metadata overstates the applied cap. See PerfSession.cs:289-315, 535-540. Reject unpaired bandwidth or enable the wrappers from bandwidth presence. Static only; no test/build/runtime."
"F16649"	"tools/PhotoReview.Benchmark.Cli/PerfSession.cs"	"313"	"314"	"SimpleLambdaExpression"	"PerfSession.lambda in RunIterationAsync"	"ISSUE"	"REVIEW-UNNUMBERED: R34: this DI-registration callable is gated by `SlowLinkLatencyMs` while `SlowLinkBandwidthMbps` can be independently parsed and recorded, so bandwidth-only benchmark metadata overstates the applied cap. See PerfSession.cs:289-315, 535-540. Reject unpaired bandwidth or enable the wrappers from bandwidth presence. Static only; no test/build/runtime."
"F16684"	"tools/PhotoReview.Benchmark.Cli/PerfSession.cs"	"930"	"980"	"MethodDeclaration"	"PerfSession.internal static Options ParseArgs(string[] args)"	"ISSUE"	"REVIEW-UNNUMBERED: R34: bandwidth-only slow-link option is accepted and reported although the slow-link wrappers are enabled only when latency is non-null. A perf-session run with --slow-link-bandwidth-mbps 2 and no --slow-link-latency-ms emits metadata claiming 2 MB/s while neither IFileSystem nor ISourceReader is wrapped. Reject the unmatched option or activate wrappers from bandwidth presence; add deterministic CLI parsing/report-metadata oracle. Static source review at 18aa6eb64ba48666de620937211e0782dd6131c1; no tests/build/runtime run."
"F16690"	"tools/PhotoReview.Benchmark.Cli/Program.cs"	"13"	"75"	"LocalFunctionStatement"	".RunCliBenchmarksAsync(string folder, IReadOnlyList<BenchmarkProfile> profiles, string? outputOverride)"	"ISSUE"	"REVIEW-UNNUMBERED: R30 P2 candidate: this callable writes shared summary.json via File.WriteAllTextAsync (Program.cs:70-72); default output directory has second resolution (BenchmarkCliArguments.ResolveReportDirectory lines 107-112), so same-second runs can overwrite the other summary. No concurrency/repeated-run collision test found."
"F16745"	"tools/PhotoReview.Benchmark.Cli/RawSurvey.cs"	"235"	"393"	"MethodDeclaration"	"RawSurvey.public static async Task<SurveyFileResult> SurveyFileAsync(string filePath, Func<string, long>? readLength = null)"	"ISSUE"	"REVIEW-UNNUMBERED: R20 (P2 candidate): SurveyFileAsync marks WIC output as preview-only whenever decoded width/height exactly equals largest embedded JPEG, without requiring a RAW format or comparing the container sensor dimensions. A RAW whose full-size WIC result is same dimensions as its embedded full-size JPEG is therefore misclassified; BuildConclusions then counts it as preview-only and claims WIC is not reliable for full-resolution, and GenerateMarkdownReport labels it Yes (preview). Current test helper can inject previewOnly=false directly; existing tests do not exercise SurveyFileAsync with equal sensor/preview/WIC dimensions and do not validate the derived report label. Compare decoded dimensions with known sensor dimensions/orientation (or use a reliable decode-source signal) and add an end-to-end seam oracle. Static only; no tests/build/runtime."
"F16760"	"tools/PhotoReview.Benchmark.Cli/RawSurvey.cs"	"691"	"750"	"MethodDeclaration"	"RawSurvey.internal static IReadOnlyList<string> BuildConclusions(SurveySummary summary)"	"ISSUE"	"REVIEW-UNNUMBERED: R20 (P2 candidate): SurveyFileAsync marks WIC output as preview-only whenever decoded width/height exactly equals largest embedded JPEG, without requiring a RAW format or comparing the container sensor dimensions. A RAW whose full-size WIC result is same dimensions as its embedded full-size JPEG is therefore misclassified; BuildConclusions then counts it as preview-only and claims WIC is not reliable for full-resolution, and GenerateMarkdownReport labels it Yes (preview). Current test helper can inject previewOnly=false directly; existing tests do not exercise SurveyFileAsync with equal sensor/preview/WIC dimensions and do not validate the derived report label. Compare decoded dimensions with known sensor dimensions/orientation (or use a reliable decode-source signal) and add an end-to-end seam oracle. Static only; no tests/build/runtime."
"F16773"	"tools/PhotoReview.Benchmark.Cli/RawSurvey.cs"	"752"	"832"	"MethodDeclaration"	"RawSurvey.public static string GenerateMarkdownReport(SurveySummary summary)"	"ISSUE"	"REVIEW-UNNUMBERED: R20 (P2 candidate): SurveyFileAsync marks WIC output as preview-only whenever decoded width/height exactly equals largest embedded JPEG, without requiring a RAW format or comparing the container sensor dimensions. A RAW whose full-size WIC result is same dimensions as its embedded full-size JPEG is therefore misclassified; BuildConclusions then counts it as preview-only and claims WIC is not reliable for full-resolution, and GenerateMarkdownReport labels it Yes (preview). Current test helper can inject previewOnly=false directly; existing tests do not exercise SurveyFileAsync with equal sensor/preview/WIC dimensions and do not validate the derived report label. Compare decoded dimensions with known sensor dimensions/orientation (or use a reliable decode-source signal) and add an end-to-end seam oracle. Static only; no tests/build/runtime."
"F16794"	"tools/PhotoReview.Benchmark.Cli/WpfTestHost.cs"	"30"	"82"	"MethodDeclaration"	"WpfTestHost.public static async Task<T> RunAsync<T>(Func<Dispatcher, Task<T>> body, TimeSpan timeout)"	"ISSUE"	"Semantic static review at exact source 18aa6eb64ba48666de620937211e0782dd6131c1. Checked symlink-resolved containment and disposable cache marker rules, app path override, STA dispatcher timeout/cleanup and resource assembly setup, local benchmark decode/cache flow, and UI probe isolation/cleanup. No additional source issue found; no GUI/native execution."
